边,源节点,目标节点,平均分数,标准差,变异系数,稳定性分数,最大成对差异,平均成对差异,方法数量,一致性水平,MLE_分数,Bayesian_分数,EM_分数,SEM_分数
药物_阿司匹林肠溶片->检验_钾,药物_阿司匹林肠溶片,检验_钾,0.26562620236293194,0.09919772585004716,0.37344857159276307,0.728094244431969,0.23516851922552007,0.12104349429687873,4,中等一致,0.20164522053037387,0.22240062863508603,0.20164522053037387,0.43681373975589394
药物_艾司唑仑片->检验_尿酸,药物_艾司唑仑片,检验_尿酸,0.33569737993823606,0.14710380090331052,0.43820360150077936,0.6953118452467303,0.3417828481633727,0.17089142408168634,4,中等一致,0.25180704183027847,0.24869629396450732,0.25180704183027847,0.59047914212788
疾病_高脂血症->检验_钾,疾病_高脂血症,检验_钾,0.21531859742248094,0.10046893164237748,0.4666059172085604,0.6818464239550684,0.2357204403694388,0.11984478760101136,4,中等一致,0.15341163620568332,0.1653190407034351,0.15341163620568332,0.3891320765751221
药物_阿司匹林肠溶片->检验_尿酸,药物_阿司匹林肠溶片,检验_尿酸,0.26277709784398,0.1524637384961815,0.5802017746109084,0.6328305764915553,0.35248421274897423,0.1762421063744871,4,中等一致,0.1749445780886297,0.1743675112248432,0.1749445780886297,0.5268517239738174
药物_阿托伐他汀钙片->疾病_冠状动脉粥样硬化性心脏病,药物_阿托伐他汀钙片,疾病_冠状动脉粥样硬化性心脏病,0.2621967817232082,0.1694409858952598,0.6462359483654251,0.6074463390214,0.41058786178691786,0.20529393089345893,4,中等一致,0.17480428393127254,0.14429534862168492,0.17480428393127254,0.5548832104086028
