边,源节点,目标节点,平均分数,标准差,变异系数,稳定性分数,最大成对差异,平均成对差异,方法数量,一致性水平,MLE_分数,Bayesian_分数,EM_分数,SEM_分数
疾病_高血压->疾病_冠状动脉粥样硬化性心脏病,疾病_高血压,疾病_冠状动脉粥样硬化性心脏病,0.18908704661495607,0.16307300988285106,0.862422957057031,0.5369349621743189,0.40098097344048833,0.20049048672024417,4,低度一致,0.10849803421504982,0.06918557229461814,0.10849803421504982,0.47016654573510647
