{
  "疾病_高血压->疾病_冠状动脉粥样硬化性心脏病": {
    "edge": [
      "疾病_高血压",
      "疾病_冠状动脉粥样硬化性心脏病"
    ],
    "method_scores": {
      "MLE": 0.10849803421504262,
      "Bayesian": 0.06918557229462484,
      "EM": 0.10849803421504262,
      "SEM": 0.47016654573510647
    },
    "mean_score": 0.18908704661495412,
    "std_score": 0.16307300988285162,
    "coefficient_of_variation": 0.8624229570570427,
    "stability_score": 0.5369349621743155,
    "max_pairwise_diff": 0.4009809734404816,
    "avg_pairwise_diff": 0.20049048672024083,
    "num_methods": 4,
    "consistency_level": "低度一致",
    "method_correlations": {
      "MLE-Bayesian": 0.9985495486315419,
      "MLE-EM": 1.0,
      "MLE-SEM": 0.8456530417503328,
      "Bayesian-EM": 0.9985495486315419,
      "Bayesian-SEM": 0.8420353819073602,
      "EM-SEM": 0.8456530417503328
    }
  },
  "疾病_反流性食管炎->药物_艾司唑仑片": {
    "edge": [
      "疾病_反流性食管炎",
      "药物_艾司唑仑片"
    ],
    "method_scores": {
      "MLE": 0.4636087861117082,
      "Bayesian": 0.4501594278362786,
      "EM": 0.4636087861117082,
      "SEM": 0.49017551844308377
    },
    "mean_score": 0.4668881296256947,
    "std_score": 0.014522914043477306,
    "coefficient_of_variation": 0.031105768431337846,
    "stability_score": 0.9698326113734576,
    "max_pairwise_diff": 0.040016090606805166,
    "avg_pairwise_diff": 0.020008045303402583,
    "num_methods": 4,
    "consistency_level": "高度一致",
    "method_correlations": {
      "MLE-Bayesian": 0.9985495486315419,
      "MLE-EM": 1.0,
      "MLE-SEM": 0.8456530417503328,
      "Bayesian-EM": 0.9985495486315419,
      "Bayesian-SEM": 0.8420353819073602,
      "EM-SEM": 0.8456530417503328
    }
  },
  "药物_阿司匹林肠溶片->疾病_糖尿病": {
    "edge": [
      "药物_阿司匹林肠溶片",
      "疾病_糖尿病"
    ],
    "method_scores": {
      "MLE": 0.7732875245097517,
      "Bayesian": 0.7536232537582437,
      "EM": 0.7732875245097517,
      "SEM": 0.7112572853676075
    },
    "mean_score": 0.7528638970363386,
    "std_score": 0.02532753380971588,
    "coefficient_of_variation": 0.033641583703798446,
    "stability_score": 0.9674533375647948,
    "max_pairwise_diff": 0.06203023914214423,
    "avg_pairwise_diff": 0.03429249802965678,
    "num_methods": 4,
    "consistency_level": "高度一致",
    "method_correlations": {
      "MLE-Bayesian": 0.9985495486315419,
      "MLE-EM": 1.0,
      "MLE-SEM": 0.8456530417503328,
      "Bayesian-EM": 0.9985495486315419,
      "Bayesian-SEM": 0.8420353819073602,
      "EM-SEM": 0.8456530417503328
    }
  },
  "药物_阿司匹林肠溶片->检验_钾": {
    "edge": [
      "药物_阿司匹林肠溶片",
      "检验_钾"
    ],
    "method_scores": {
      "MLE": 0.20164522053036812,
      "Bayesian": 0.22240062863509164,
      "EM": 0.20164522053036812,
      "SEM": 0.43681373975589216
    },
    "mean_score": 0.26562620236293,
    "std_score": 0.09919772585004763,
    "coefficient_of_variation": 0.37344857159276756,
    "stability_score": 0.7280942444319667,
    "max_pairwise_diff": 0.23516851922552404,
    "avg_pairwise_diff": 0.1210434942968826,
    "num_methods": 4,
    "consistency_level": "中等一致",
    "method_correlations": {
      "MLE-Bayesian": 0.9985495486315419,
      "MLE-EM": 1.0,
      "MLE-SEM": 0.8456530417503328,
      "Bayesian-EM": 0.9985495486315419,
      "Bayesian-SEM": 0.8420353819073602,
      "EM-SEM": 0.8456530417503328
    }
  },
  "疾病_糖尿病->检验_葡萄糖": {
    "edge": [
      "疾病_糖尿病",
      "检验_葡萄糖"
    ],
    "method_scores": {
      "MLE": 0.9825913376102183,
      "Bayesian": 0.9755961838627,
      "EM": 0.9825913376102183,
      "SEM": 1.0
    },
    "mean_score": 0.9851947147707841,
    "std_score": 0.009012261253317557,
    "coefficient_of_variation": 0.009147695494300691,
    "stability_score": 0.990935226295275,
    "max_pairwise_diff": 0.024403816137300027,
    "avg_pairwise_diff": 0.012201908068650014,
    "num_methods": 4,
    "consistency_level": "高度一致",
    "method_correlations": {
      "MLE-Bayesian": 0.9985495486315419,
      "MLE-EM": 1.0,
      "MLE-SEM": 0.8456530417503328,
      "Bayesian-EM": 0.9985495486315419,
      "Bayesian-SEM": 0.8420353819073602,
      "EM-SEM": 0.8456530417503328
    }
  },
  "药物_阿托伐他汀钙片->疾病_冠状动脉粥样硬化性心脏病": {
    "edge": [
      "药物_阿托伐他汀钙片",
      "疾病_冠状动脉粥样硬化性心脏病"
    ],
    "method_scores": {
      "MLE": 0.17480428393126657,
      "Bayesian": 0.14429534862169108,
      "EM": 0.17480428393126657,
      "SEM": 0.5548832104086028
    },
    "mean_score": 0.26219678172320676,
    "std_score": 0.16944098589526024,
    "coefficient_of_variation": 0.6462359483654303,
    "stability_score": 0.6074463390213981,
    "max_pairwise_diff": 0.4105878617869117,
    "avg_pairwise_diff": 0.20529393089345582,
    "num_methods": 4,
    "consistency_level": "中等一致",
    "method_correlations": {
      "MLE-Bayesian": 0.9985495486315419,
      "MLE-EM": 1.0,
      "MLE-SEM": 0.8456530417503328,
      "Bayesian-EM": 0.9985495486315419,
      "Bayesian-SEM": 0.8420353819073602,
      "EM-SEM": 0.8456530417503328
    }
  },
  "药物_氯化钠注射液->疾病_高血压": {
    "edge": [
      "药物_氯化钠注射液",
      "疾病_高血压"
    ],
    "method_scores": {
      "MLE": 0.0,
      "Bayesian": 0.0,
      "EM": 0.0,
      "SEM": 0.0
    },
    "mean_score": 0.0,
    "std_score": 0.0,
    "coefficient_of_variation": Infinity,
    "stability_score": 1.0,
    "max_pairwise_diff": 0.0,
    "avg_pairwise_diff": 0.0,
    "num_methods": 4,
    "consistency_level": "高度一致",
    "method_correlations": {
      "MLE-Bayesian": 0.9985495486315419,
      "MLE-EM": 1.0,
      "MLE-SEM": 0.8456530417503328,
      "Bayesian-EM": 0.9985495486315419,
      "Bayesian-SEM": 0.8420353819073602,
      "EM-SEM": 0.8456530417503328
    }
  },
  "疾病_反流性食管炎->药物_氯化钠注射液": {
    "edge": [
      "疾病_反流性食管炎",
      "药物_氯化钠注射液"
    ],
    "method_scores": {
      "MLE": 0.07299448360082009,
      "Bayesian": 0.05994322759627735,
      "EM": 0.07299448360082009,
      "SEM": 0.071619572903448
    },
    "mean_score": 0.06938794192534138,
    "std_score": 0.0054817217024855,
    "coefficient_of_variation": 0.07900107065264467,
    "stability_score": 0.9267831397008159,
    "max_pairwise_diff": 0.013051256004542738,
    "avg_pairwise_diff": 0.006754779785166716,
    "num_methods": 4,
    "consistency_level": "高度一致",
    "method_correlations": {
      "MLE-Bayesian": 0.9985495486315419,
      "MLE-EM": 1.0,
      "MLE-SEM": 0.8456530417503328,
      "Bayesian-EM": 0.9985495486315419,
      "Bayesian-SEM": 0.8420353819073602,
      "EM-SEM": 0.8456530417503328
    }
  },
  "疾病_反流性食管炎->疾病_高脂血症": {
    "edge": [
      "疾病_反流性食管炎",
      "疾病_高脂血症"
    ],
    "method_scores": {
      "MLE": 0.5578082837399686,
      "Bayesian": 0.553007625372247,
      "EM": 0.5578082837399686,
      "SEM": 0.5030909590483078
    },
    "mean_score": 0.542928787975123,
    "std_score": 0.023083730013323103,
    "coefficient_of_variation": 0.04251704924215734,
    "stability_score": 0.9592169266938468,
    "max_pairwise_diff": 0.054717324691660796,
    "avg_pairwise_diff": 0.028158772073783995,
    "num_methods": 4,
    "consistency_level": "高度一致",
    "method_correlations": {
      "MLE-Bayesian": 0.9985495486315419,
      "MLE-EM": 1.0,
      "MLE-SEM": 0.8456530417503328,
      "Bayesian-EM": 0.9985495486315419,
      "Bayesian-SEM": 0.8420353819073602,
      "EM-SEM": 0.8456530417503328
    }
  },
  "药物_阿司匹林肠溶片->检验_尿酸": {
    "edge": [
      "药物_阿司匹林肠溶片",
      "检验_尿酸"
    ],
    "method_scores": {
      "MLE": 0.17494457808861655,
      "Bayesian": 0.17436751122484195,
      "EM": 0.17494457808861655,
      "SEM": 0.5268517239738174
    },
    "mean_score": 0.2627770978439731,
    "std_score": 0.15246373849618547,
    "coefficient_of_variation": 0.5802017746109388,
    "stability_score": 0.6328305764915433,
    "max_pairwise_diff": 0.35248421274897546,
    "avg_pairwise_diff": 0.17624210637448776,
    "num_methods": 4,
    "consistency_level": "中等一致",
    "method_correlations": {
      "MLE-Bayesian": 0.9985495486315419,
      "MLE-EM": 1.0,
      "MLE-SEM": 0.8456530417503328,