{
  "疾病_高血压->疾病_冠状动脉粥样硬化性心脏病": {
    "edge": [
      "疾病_高血压",
      "疾病_冠状动脉粥样硬化性心脏病"
    ],
    "method_scores": {
      "MLE": 0.10849803421504982,
      "Bayesian": 0.06918557229462534,
      "EM": 0.10849803421504982,
      "SEM": 0.47016654573510647
    },
    "mean_score": 0.18908704661495784,
    "std_score": 0.16307300988284976,
    "coefficient_of_variation": 0.8624229570570159,
    "stability_score": 0.5369349621743232,
    "max_pairwise_diff": 0.4009809734404811,
    "avg_pairwise_diff": 0.20049048672024053,
    "num_methods": 4,
    "consistency_level": "低度一致",
    "method_correlations": {
      "MLE-Bayesian": 0.9985495486315419,
      "MLE-EM": 0.9999999999999998,
      "MLE-SEM": 0.8456530417503365,
      "Bayesian-EM": 0.9985495486315419,
      "Bayesian-SEM": 0.8420353819073603,
      "EM-SEM": 0.8456530417503365
    }
  },
  "疾病_反流性食管炎->药物_艾司唑仑片": {
    "edge": [
      "疾病_反流性食管炎",
      "药物_艾司唑仑片"
    ],
    "method_scores": {
      "MLE": 0.463608786111701,
      "Bayesian": 0.45015942783628904,
      "EM": 0.463608786111701,
      "SEM": 0.49017551844308377
    },
    "mean_score": 0.4668881296256937,
    "std_score": 0.014522914043475115,
    "coefficient_of_variation": 0.03110576843133322,
    "stability_score": 0.969832611373462,
    "max_pairwise_diff": 0.04001609060679473,
    "avg_pairwise_diff": 0.020008045303397365,
    "num_methods": 4,
    "consistency_level": "高度一致",
    "method_correlations": {
      "MLE-Bayesian": 0.9985495486315419,
      "MLE-EM": 0.9999999999999998,
      "MLE-SEM": 0.8456530417503365,
      "Bayesian-EM": 0.9985495486315419,
      "Bayesian-SEM": 0.8420353819073603,
      "EM-SEM": 0.8456530417503365
    }
  },
  "药物_阿司匹林肠溶片->疾病_糖尿病": {
    "edge": [
      "药物_阿司匹林肠溶片",
      "疾病_糖尿病"
    ],
    "method_scores": {
      "MLE": 0.7732875245097517,
      "Bayesian": 0.7536232537582491,
      "EM": 0.7732875245097517,
      "SEM": 0.7112572853676092
    },
    "mean_score": 0.7528638970363404,
    "std_score": 0.025327533809715193,
    "coefficient_of_variation": 0.033641583703797454,
    "stability_score": 0.9674533375647956,
    "max_pairwise_diff": 0.06203023914214245,
    "avg_pairwise_diff": 0.034292498029654984,
    "num_methods": 4,
    "consistency_level": "高度一致",
    "method_correlations": {
      "MLE-Bayesian": 0.9985495486315419,
      "MLE-EM": 0.9999999999999998,
      "MLE-SEM": 0.8456530417503365,
      "Bayesian-EM": 0.9985495486315419,
      "Bayesian-SEM": 0.8420353819073603,
      "EM-SEM": 0.8456530417503365
    }
  },
  "药物_阿司匹林肠溶片->检验_钾": {
    "edge": [
      "药物_阿司匹林肠溶片",
      "检验_钾"
    ],
    "method_scores": {
      "MLE": 0.20164522053036812,
      "Bayesian": 0.22240062863509322,
      "EM": 0.20164522053036812,
      "SEM": 0.43681373975589394
    },
    "mean_score": 0.26562620236293083,
    "std_score": 0.09919772585004823,
    "coefficient_of_variation": 0.3734485715927687,
    "stability_score": 0.7280942444319661,
    "max_pairwise_diff": 0.2351685192255258,
    "avg_pairwise_diff": 0.12104349429688377,
    "num_methods": 4,
    "consistency_level": "中等一致",
    "method_correlations": {
      "MLE-Bayesian": 0.9985495486315419,
      "MLE-EM": 0.9999999999999998,
      "MLE-SEM": 0.8456530417503365,
      "Bayesian-EM": 0.9985495486315419,
      "Bayesian-SEM": 0.8420353819073603,
      "EM-SEM": 0.8456530417503365
    }
  },
  "疾病_糖尿病->检验_葡萄糖": {
    "edge": [
      "疾病_糖尿病",
      "检验_葡萄糖"
    ],
    "method_scores": {
      "MLE": 0.9825913376102111,
      "Bayesian": 0.9755961838626999,
      "EM": 0.9825913376102111,
      "SEM": 1.0
    },
    "mean_score": 0.9851947147707805,
    "std_score": 0.009012261253318629,
    "coefficient_of_variation": 0.009147695494301814,
    "stability_score": 0.9909352262952739,
    "max_pairwise_diff": 0.02440381613730014,
    "avg_pairwise_diff": 0.01220190806865007,
    "num_methods": 4,
    "consistency_level": "高度一致",
    "method_correlations": {
      "MLE-Bayesian": 0.9985495486315419,
      "MLE-EM": 0.9999999999999998,
      "MLE-SEM": 0.8456530417503365,
      "Bayesian-EM": 0.9985495486315419,
      "Bayesian-SEM": 0.8420353819073603,
      "EM-SEM": 0.8456530417503365
    }
  },
  "药物_阿托伐他汀钙片->疾病_冠状动脉粥样硬化性心脏病": {
    "edge": [
      "药物_阿托伐他汀钙片",
      "疾病_冠状动脉粥样硬化性心脏病"
    ],
    "method_scores": {
      "MLE": 0.17480428393126657,
      "Bayesian": 0.1442953486216921,
      "EM": 0.17480428393126657,
      "SEM": 0.5548832104086028
    },
    "mean_score": 0.26219678172320704,
    "std_score": 0.16944098589526008,
    "coefficient_of_variation": 0.646235948365429,
    "stability_score": 0.6074463390213986,
    "max_pairwise_diff": 0.41058786178691065,
    "avg_pairwise_diff": 0.2052939308934553,
    "num_methods": 4,
    "consistency_level": "中等一致",
    "method_correlations": {
      "MLE-Bayesian": 0.9985495486315419,
      "MLE-EM": 0.9999999999999998,
      "MLE-SEM": 0.8456530417503365,
      "Bayesian-EM": 0.9985495486315419,
      "Bayesian-SEM": 0.8420353819073603,
      "EM-SEM": 0.8456530417503365
    }
  },
  "药物_氯化钠注射液->疾病_高血压": {
    "edge": [
      "药物_氯化钠注射液",
      "疾病_高血压"
    ],
    "method_scores": {
      "MLE": 0.0,
      "Bayesian": 0.0,
      "EM": 0.0,
      "SEM": 0.0
    },
    "mean_score": 0.0,
    "std_score": 0.0,
    "coefficient_of_variation": Infinity,
    "stability_score": 1.0,
    "max_pairwise_diff": 0.0,
    "avg_pairwise_diff": 0.0,
    "num_methods": 4,
    "consistency_level": "高度一致",
    "method_correlations": {
      "MLE-Bayesian": 0.9985495486315419,
      "MLE-EM": 0.9999999999999998,
      "MLE-SEM": 0.8456530417503365,
      "Bayesian-EM": 0.9985495486315419,
      "Bayesian-SEM": 0.8420353819073603,
      "EM-SEM": 0.8456530417503365
    }
  },
  "疾病_反流性食管炎->药物_氯化钠注射液": {
    "edge": [
      "疾病_反流性食管炎",
      "药物_氯化钠注射液"
    ],
    "method_scores": {
      "MLE": 0.07299448360082009,
      "Bayesian": 0.05994322759627778,
      "EM": 0.07299448360082009,
      "SEM": 0.071619572903448
    },
    "mean_score": 0.06938794192534148,
    "std_score": 0.005481721702485314,
    "coefficient_of_variation": 0.07900107065264188,
    "stability_score": 0.9267831397008184,
    "max_pairwise_diff": 0.013051256004542308,
    "avg_pairwise_diff": 0.006754779785166501,
    "num_methods": 4,
    "consistency_level": "高度一致",
    "method_correlations": {
      "MLE-Bayesian": 0.9985495486315419,
      "MLE-EM": 0.9999999999999998,
      "MLE-SEM": 0.8456530417503365,
      "Bayesian-EM": 0.9985495486315419,
      "Bayesian-SEM": 0.8420353819073603,
      "EM-SEM": 0.8456530417503365
    }
  },
  "疾病_反流性食管炎->疾病_高脂血症": {
    "edge": [
      "疾病_反流性食管炎",
      "疾病_高脂血症"
    ],
    "method_scores": {
      "MLE": 0.5578082837399686,
      "Bayesian": 0.553007625372251,
      "EM": 0.5578082837399686,
      "SEM": 0.5030909590483078
    },
    "mean_score": 0.542928787975124,
    "std_score": 0.02308373001332354,
    "coefficient_of_variation": 0.04251704924215806,
    "stability_score": 0.9592169266938463,
    "max_pairwise_diff": 0.054717324691660796,
    "avg_pairwise_diff": 0.02815877207378333,
    "num_methods": 4,
    "consistency_level": "高度一致",
    "method_correlations": {
      "MLE-Bayesian": 0.9985495486315419,
      "MLE-EM": 0.9999999999999998,
      "MLE-SEM": 0.8456530417503365,
      "Bayesian-EM": 0.9985495486315419,
      "Bayesian-SEM": 0.8420353819073603,
      "EM-SEM": 0.8456530417503365
    }
  },
  "药物_阿司匹林肠溶片->检验_尿酸": {
    "edge": [
      "药物_阿司匹林肠溶片",
      "检验_尿酸"
    ],
    "method_scores": {
      "MLE": 0.17494457808862376,
      "Bayesian": 0.1743675112248432,
      "EM": 0.17494457808862376,
      "SEM": 0.5268517239738174
    },
    "mean_score": 0.26277709784397707,
    "std_score": 0.15246373849618322,
    "coefficient_of_variation": 0.5802017746109214,
    "stability_score": 0.6328305764915502,
    "max_pairwise_diff": 0.35248421274897423,
    "avg_pairwise_diff": 0.17624210637448712,
    "num_methods": 4,
    "consistency_level": "中等一致",