{
  "疾病_高血压->疾病_冠状动脉粥样硬化性心脏病": {
    "edge": [
      "疾病_高血压",
      "疾病_冠状动脉粥样硬化性心脏病"
    ],
    "method_scores": {
      "MLE": 0.10849803421504982,
      "Bayesian": 0.06918557229461764,
      "EM": 0.10849803421504982,
      "SEM": 0.4701665457351056
    },
    "mean_score": 0.18908704661495573,
    "std_score": 0.16307300988285078,
    "coefficient_of_variation": 0.862422957057031,
    "stability_score": 0.5369349621743189,
    "max_pairwise_diff": 0.40098097344048794,
    "avg_pairwise_diff": 0.20049048672024397,
    "num_methods": 4,
    "consistency_level": "低度一致",
    "method_correlations": {
      "MLE-Bayesian": 0.9985495486315414,
      "MLE-EM": 1.0,
      "MLE-SEM": 0.8456530417503376,
      "Bayesian-EM": 0.9985495486315416,
      "Bayesian-SEM": 0.8420353819073595,
      "EM-SEM": 0.8456530417503376
    }
  },
  "疾病_反流性食管炎->药物_艾司唑仑片": {
    "edge": [
      "疾病_反流性食管炎",
      "药物_艾司唑仑片"
    ],
    "method_scores": {
      "MLE": 0.4636087861117082,
      "Bayesian": 0.4501594278362714,
      "EM": 0.4636087861117082,
      "SEM": 0.49017551844308377
    },
    "mean_score": 0.4668881296256929,
    "std_score": 0.014522914043479385,
    "coefficient_of_variation": 0.031105768431342416,
    "stability_score": 0.9698326113734532,
    "max_pairwise_diff": 0.04001609060681238,
    "avg_pairwise_diff": 0.02000804530340619,
    "num_methods": 4,
    "consistency_level": "高度一致",
    "method_correlations": {
      "MLE-Bayesian": 0.9985495486315414,
      "MLE-EM": 1.0,
      "MLE-SEM": 0.8456530417503376,
      "Bayesian-EM": 0.9985495486315416,
      "Bayesian-SEM": 0.8420353819073595,
      "EM-SEM": 0.8456530417503376
    }
  },
  "药物_阿司匹林肠溶片->疾病_糖尿病": {
    "edge": [
      "药物_阿司匹林肠溶片",
      "疾病_糖尿病"
    ],
    "method_scores": {
      "MLE": 0.7732875245097589,
      "Bayesian": 0.7536232537582437,
      "EM": 0.7732875245097589,
      "SEM": 0.7112572853676083
    },
    "mean_score": 0.7528638970363425,
    "std_score": 0.025327533809718427,
    "coefficient_of_variation": 0.03364158370380166,
    "stability_score": 0.9674533375647919,
    "max_pairwise_diff": 0.062030239142150556,
    "avg_pairwise_diff": 0.034292498029661146,
    "num_methods": 4,
    "consistency_level": "高度一致",
    "method_correlations": {
      "MLE-Bayesian": 0.9985495486315414,
      "MLE-EM": 1.0,
      "MLE-SEM": 0.8456530417503376,
      "Bayesian-EM": 0.9985495486315416,
      "Bayesian-SEM": 0.8420353819073595,
      "EM-SEM": 0.8456530417503376
    }
  },
  "药物_阿司匹林肠溶片->检验_钾": {
    "edge": [
      "药物_阿司匹林肠溶片",
      "检验_钾"
    ],
    "method_scores": {
      "MLE": 0.20164522053037534,
      "Bayesian": 0.22240062863509164,
      "EM": 0.20164522053037534,
      "SEM": 0.43681373975589216
    },
    "mean_score": 0.2656262023629336,
    "std_score": 0.0991977258500453,
    "coefficient_of_variation": 0.37344857159275374,
    "stability_score": 0.728094244431974,
    "max_pairwise_diff": 0.23516851922551682,
    "avg_pairwise_diff": 0.12104349429687779,
    "num_methods": 4,
    "consistency_level": "中等一致",
    "method_correlations": {
      "MLE-Bayesian": 0.9985495486315414,
      "MLE-EM": 1.0,
      "MLE-SEM": 0.8456530417503376,
      "Bayesian-EM": 0.9985495486315416,
      "Bayesian-SEM": 0.8420353819073595,
      "EM-SEM": 0.8456530417503376
    }
  },
  "疾病_糖尿病->检验_葡萄糖": {
    "edge": [
      "疾病_糖尿病",
      "检验_葡萄糖"
    ],
    "method_scores": {
      "MLE": 0.9825913376102183,
      "Bayesian": 0.9755961838626929,
      "EM": 0.9825913376102183,
      "SEM": 1.0
    },
    "mean_score": 0.9851947147707824,
    "std_score": 0.00901226125331945,
    "coefficient_of_variation": 0.00914769549430263,
    "stability_score": 0.990935226295273,
    "max_pairwise_diff": 0.024403816137307133,
    "avg_pairwise_diff": 0.012201908068653566,
    "num_methods": 4,
    "consistency_level": "高度一致",
    "method_correlations": {
      "MLE-Bayesian": 0.9985495486315414,
      "MLE-EM": 1.0,
      "MLE-SEM": 0.8456530417503376,
      "Bayesian-EM": 0.9985495486315416,
      "Bayesian-SEM": 0.8420353819073595,
      "EM-SEM": 0.8456530417503376
    }
  },
  "药物_阿托伐他汀钙片->疾病_冠状动脉粥样硬化性心脏病": {
    "edge": [
      "药物_阿托伐他汀钙片",
      "疾病_冠状动脉粥样硬化性心脏病"
    ],
    "method_scores": {
      "MLE": 0.17480428393127379,
      "Bayesian": 0.14429534862169108,
      "EM": 0.17480428393127379,
      "SEM": 0.5548832104086028
    },
    "mean_score": 0.26219678172321037,
    "std_score": 0.16944098589525838,
    "coefficient_of_variation": 0.6462359483654143,
    "stability_score": 0.607446339021404,
    "max_pairwise_diff": 0.4105878617869117,
    "avg_pairwise_diff": 0.20529393089345585,
    "num_methods": 4,
    "consistency_level": "中等一致",
    "method_correlations": {
      "MLE-Bayesian": 0.9985495486315414,
      "MLE-EM": 1.0,
      "MLE-SEM": 0.8456530417503376,
      "Bayesian-EM": 0.9985495486315416,
      "Bayesian-SEM": 0.8420353819073595,
      "EM-SEM": 0.8456530417503376
    }
  },
  "药物_氯化钠注射液->疾病_高血压": {
    "edge": [
      "药物_氯化钠注射液",
      "疾病_高血压"
    ],
    "method_scores": {
      "MLE": 0.0,
      "Bayesian": 0.0,
      "EM": 0.0,
      "SEM": 0.0
    },
    "mean_score": 0.0,
    "std_score": 0.0,
    "coefficient_of_variation": Infinity,
    "stability_score": 1.0,
    "max_pairwise_diff": 0.0,
    "avg_pairwise_diff": 0.0,
    "num_methods": 4,
    "consistency_level": "高度一致",
    "method_correlations": {
      "MLE-Bayesian": 0.9985495486315414,
      "MLE-EM": 1.0,
      "MLE-SEM": 0.8456530417503376,
      "Bayesian-EM": 0.9985495486315416,
      "Bayesian-SEM": 0.8420353819073595,
      "EM-SEM": 0.8456530417503376
    }
  },
  "疾病_反流性食管炎->药物_氯化钠注射液": {
    "edge": [
      "疾病_反流性食管炎",
      "药物_氯化钠注射液"
    ],
    "method_scores": {
      "MLE": 0.07299448360082729,
      "Bayesian": 0.05994322759627735,
      "EM": 0.07299448360082729,
      "SEM": 0.071619572903448
    },
    "mean_score": 0.06938794192534498,
    "std_score": 0.005481721702487868,
    "coefficient_of_variation": 0.07900107065267471,
    "stability_score": 0.9267831397007902,
    "max_pairwise_diff": 0.013051256004549941,
    "avg_pairwise_diff": 0.006754779785171518,
    "num_methods": 4,
    "consistency_level": "高度一致",
    "method_correlations": {
      "MLE-Bayesian": 0.9985495486315414,
      "MLE-EM": 1.0,
      "MLE-SEM": 0.8456530417503376,
      "Bayesian-EM": 0.9985495486315416,
      "Bayesian-SEM": 0.8420353819073595,
      "EM-SEM": 0.8456530417503376
    }
  },
  "疾病_反流性食管炎->疾病_高脂血症": {
    "edge": [
      "疾病_反流性食管炎",
      "疾病_高脂血症"
    ],
    "method_scores": {
      "MLE": 0.5578082837399758,
      "Bayesian": 0.553007625372247,
      "EM": 0.5578082837399758,
      "SEM": 0.5030909590483069
    },
    "mean_score": 0.5429287879751264,
    "std_score": 0.023083730013325813,
    "coefficient_of_variation": 0.042517049242162056,
    "stability_score": 0.9592169266938425,
    "max_pairwise_diff": 0.0547173246916689,
    "avg_pairwise_diff": 0.02815877207378925,
    "num_methods": 4,
    "consistency_level": "高度一致",
    "method_correlations": {
      "MLE-Bayesian": 0.9985495486315414,
      "MLE-EM": 1.0,
      "MLE-SEM": 0.8456530417503376,
      "Bayesian-EM": 0.9985495486315416,
      "Bayesian-SEM": 0.8420353819073595,
      "EM-SEM": 0.8456530417503376
    }
  },
  "药物_阿司匹林肠溶片->检验_尿酸": {
    "edge": [
      "药物_阿司匹林肠溶片",
      "检验_尿酸"
    ],
    "method_scores": {
      "MLE": 0.17494457808863095,
      "Bayesian": 0.17436751122484195,
      "EM": 0.17494457808863095,
      "SEM": 0.5268517239738165
    },
    "mean_score": 0.26277709784398007,
    "std_score": 0.15246373849618094,
    "coefficient_of_variation": 0.5802017746109062,
    "stability_score": 0.6328305764915562,
    "max_pairwise_diff": 0.35248421274897457,
    "avg_pairwise_diff": 0.1762421063744873,
    "num_methods": 4,
    "consistency_level": "中等一致",
    "method_correlations": {
      "MLE-Bayesian": 0.9985495486315414,
      "MLE-EM": 1.0,
      "MLE-SEM": 0.8456530417503376,