{
  "疾病_高血压->疾病_冠状动脉粥样硬化性心脏病": {
    "edge": [
      "疾病_高血压",
      "疾病_冠状动脉粥样硬化性心脏病"
    ],
    "method_scores": {
      "MLE": 0.10849803421505624,
      "Bayesian": 0.06918557229461814,
      "EM": 0.10849803421505624,
      "SEM": 0.47016654573510647
    },
    "mean_score": 0.1890870466149593,
    "std_score": 0.16307300988284948,
    "coefficient_of_variation": 0.8624229570570079,
    "stability_score": 0.5369349621743255,
    "max_pairwise_diff": 0.40098097344048833,
    "avg_pairwise_diff": 0.20049048672024417,
    "num_methods": 4,
    "consistency_level": "低度一致",
    "method_correlations": {
      "MLE-Bayesian": 0.9985495486315419,
      "MLE-EM": 1.0,
      "MLE-SEM": 0.8456530417503365,
      "Bayesian-EM": 0.9985495486315419,
      "Bayesian-SEM": 0.8420353819073584,
      "EM-SEM": 0.8456530417503365
    }
  },
  "疾病_反流性食管炎->药物_艾司唑仑片": {
    "edge": [
      "疾病_反流性食管炎",
      "药物_艾司唑仑片"
    ],
    "method_scores": {
      "MLE": 0.4636087861117048,
      "Bayesian": 0.4501594278362818,
      "EM": 0.4636087861117048,
      "SEM": 0.49017551844308377
    },
    "mean_score": 0.4668881296256938,
    "std_score": 0.014522914043476762,
    "coefficient_of_variation": 0.03110576843133674,
    "stability_score": 0.9698326113734587,
    "max_pairwise_diff": 0.040016090606801946,
    "avg_pairwise_diff": 0.020008045303400973,
    "num_methods": 4,
    "consistency_level": "高度一致",
    "method_correlations": {
      "MLE-Bayesian": 0.9985495486315419,
      "MLE-EM": 1.0,
      "MLE-SEM": 0.8456530417503365,
      "Bayesian-EM": 0.9985495486315419,
      "Bayesian-SEM": 0.8420353819073584,
      "EM-SEM": 0.8456530417503365
    }
  },
  "药物_阿司匹林肠溶片->疾病_糖尿病": {
    "edge": [
      "药物_阿司匹林肠溶片",
      "疾病_糖尿病"
    ],
    "method_scores": {
      "MLE": 0.7732875245097606,
      "Bayesian": 0.7536232537582562,
      "EM": 0.7732875245097606,
      "SEM": 0.7112572853676075
    },
    "mean_score": 0.7528638970363462,
    "std_score": 0.025327533809719558,
    "coefficient_of_variation": 0.03364158370380299,
    "stability_score": 0.9674533375647907,
    "max_pairwise_diff": 0.06203023914215311,
    "avg_pairwise_diff": 0.03429249802966061,
    "num_methods": 4,
    "consistency_level": "高度一致",
    "method_correlations": {
      "MLE-Bayesian": 0.9985495486315419,
      "MLE-EM": 1.0,
      "MLE-SEM": 0.8456530417503365,
      "Bayesian-EM": 0.9985495486315419,
      "Bayesian-SEM": 0.8420353819073584,
      "EM-SEM": 0.8456530417503365
    }
  },
  "药物_阿司匹林肠溶片->检验_钾": {
    "edge": [
      "药物_阿司匹林肠溶片",
      "检验_钾"
    ],
    "method_scores": {
      "MLE": 0.20164522053037387,
      "Bayesian": 0.22240062863508603,
      "EM": 0.20164522053037387,
      "SEM": 0.43681373975589394
    },
    "mean_score": 0.26562620236293194,
    "std_score": 0.09919772585004716,
    "coefficient_of_variation": 0.37344857159276307,
    "stability_score": 0.728094244431969,
    "max_pairwise_diff": 0.23516851922552007,
    "avg_pairwise_diff": 0.12104349429687873,
    "num_methods": 4,
    "consistency_level": "中等一致",
    "method_correlations": {
      "MLE-Bayesian": 0.9985495486315419,
      "MLE-EM": 1.0,
      "MLE-SEM": 0.8456530417503365,
      "Bayesian-EM": 0.9985495486315419,
      "Bayesian-SEM": 0.8420353819073584,
      "EM-SEM": 0.8456530417503365
    }
  },
  "疾病_糖尿病->检验_葡萄糖": {
    "edge": [
      "疾病_糖尿病",
      "检验_葡萄糖"
    ],
    "method_scores": {
      "MLE": 0.9825913376102112,
      "Bayesian": 0.9755961838626999,
      "EM": 0.9825913376102112,
      "SEM": 1.0
    },
    "mean_score": 0.9851947147707806,
    "std_score": 0.009012261253318613,
    "coefficient_of_variation": 0.009147695494301797,
    "stability_score": 0.9909352262952739,
    "max_pairwise_diff": 0.02440381613730014,
    "avg_pairwise_diff": 0.01220190806865007,
    "num_methods": 4,
    "consistency_level": "高度一致",
    "method_correlations": {
      "MLE-Bayesian": 0.9985495486315419,
      "MLE-EM": 1.0,
      "MLE-SEM": 0.8456530417503365,
      "Bayesian-EM": 0.9985495486315419,
      "Bayesian-SEM": 0.8420353819073584,
      "EM-SEM": 0.8456530417503365
    }
  },
  "药物_阿托伐他汀钙片->疾病_冠状动脉粥样硬化性心脏病": {
    "edge": [
      "药物_阿托伐他汀钙片",
      "疾病_冠状动脉粥样硬化性心脏病"
    ],
    "method_scores": {
      "MLE": 0.17480428393127254,
      "Bayesian": 0.14429534862168492,
      "EM": 0.17480428393127254,
      "SEM": 0.5548832104086028
    },
    "mean_score": 0.2621967817232082,
    "std_score": 0.1694409858952598,
    "coefficient_of_variation": 0.6462359483654251,
    "stability_score": 0.6074463390214,
    "max_pairwise_diff": 0.41058786178691786,
    "avg_pairwise_diff": 0.20529393089345893,
    "num_methods": 4,
    "consistency_level": "中等一致",
    "method_correlations": {
      "MLE-Bayesian": 0.9985495486315419,
      "MLE-EM": 1.0,
      "MLE-SEM": 0.8456530417503365,
      "Bayesian-EM": 0.9985495486315419,
      "Bayesian-SEM": 0.8420353819073584,
      "EM-SEM": 0.8456530417503365
    }
  },
  "药物_氯化钠注射液->疾病_高血压": {
    "edge": [
      "药物_氯化钠注射液",
      "疾病_高血压"
    ],
    "method_scores": {
      "MLE": 0.0,
      "Bayesian": 0.0,
      "EM": 0.0,
      "SEM": 0.0
    },
    "mean_score": 0.0,
    "std_score": 0.0,
    "coefficient_of_variation": Infinity,
    "stability_score": 1.0,
    "max_pairwise_diff": 0.0,
    "avg_pairwise_diff": 0.0,
    "num_methods": 4,
    "consistency_level": "高度一致",
    "method_correlations": {
      "MLE-Bayesian": 0.9985495486315419,
      "MLE-EM": 1.0,
      "MLE-SEM": 0.8456530417503365,
      "Bayesian-EM": 0.9985495486315419,
      "Bayesian-SEM": 0.8420353819073584,
      "EM-SEM": 0.8456530417503365
    }
  },
  "疾病_反流性食管炎->药物_氯化钠注射液": {
    "edge": [
      "疾病_反流性食管炎",
      "药物_氯化钠注射液"
    ],
    "method_scores": {
      "MLE": 0.07299448360082676,
      "Bayesian": 0.05994322759627778,
      "EM": 0.07299448360082676,
      "SEM": 0.071619572903448
    },
    "mean_score": 0.06938794192534482,
    "std_score": 0.00548172170248751,
    "coefficient_of_variation": 0.07900107065266973,
    "stability_score": 0.9267831397007944,
    "max_pairwise_diff": 0.013051256004548983,
    "avg_pairwise_diff": 0.0067547797851709515,
    "num_methods": 4,
    "consistency_level": "高度一致",
    "method_correlations": {
      "MLE-Bayesian": 0.9985495486315419,
      "MLE-EM": 1.0,
      "MLE-SEM": 0.8456530417503365,
      "Bayesian-EM": 0.9985495486315419,
      "Bayesian-SEM": 0.8420353819073584,
      "EM-SEM": 0.8456530417503365
    }
  },
  "疾病_反流性食管炎->疾病_高脂血症": {
    "edge": [
      "疾病_反流性食管炎",
      "疾病_高脂血症"
    ],
    "method_scores": {
      "MLE": 0.5578082837399718,
      "Bayesian": 0.553007625372251,
      "EM": 0.5578082837399718,
      "SEM": 0.5030909590483078
    },
    "mean_score": 0.5429287879751257,
    "std_score": 0.023083730013324574,
    "coefficient_of_variation": 0.042517049242159835,
    "stability_score": 0.9592169266938446,
    "max_pairwise_diff": 0.054717324691664015,
    "avg_pairwise_diff": 0.028158772073785476,
    "num_methods": 4,
    "consistency_level": "高度一致",
    "method_correlations": {
      "MLE-Bayesian": 0.9985495486315419,
      "MLE-EM": 1.0,
      "MLE-SEM": 0.8456530417503365,
      "Bayesian-EM": 0.9985495486315419,
      "Bayesian-SEM": 0.8420353819073584,
      "EM-SEM": 0.8456530417503365
    }
  },
  "药物_阿司匹林肠溶片->检验_尿酸": {
    "edge": [
      "药物_阿司匹林肠溶片",
      "检验_尿酸"
    ],
    "method_scores": {
      "MLE": 0.1749445780886297,
      "Bayesian": 0.1743675112248432,
      "EM": 0.1749445780886297,
      "SEM": 0.5268517239738174
    },
    "mean_score": 0.26277709784398,
    "std_score": 0.1524637384961815,
    "coefficient_of_variation": 0.5802017746109084,
    "stability_score": 0.6328305764915553,
    "max_pairwise_diff": 0.35248421274897423,
    "avg_pairwise_diff": 0.1762421063744871,
    "num_methods": 4,
    "consistency_level": "中等一致",
    "method_correlations": {
      "MLE-Bayesian": 0.9985495486315419,
      "MLE-EM": 1.0,
      "MLE-SEM": 0.8456530417503365,