边,源节点,目标节点,平均分数,标准差,变异系数,稳定性分数,最大成对差异,平均成对差异,方法数量,一致性水平,MLE_分数,Bayesian_分数,EM_分数,SEM_分数
药物_阿司匹林肠溶片->检验_钾,药物_阿司匹林肠溶片,检验_钾,0.26562620236293,0.09919772585004763,0.37344857159276756,0.7280942444319667,0.23516851922552404,0.1210434942968826,4,中等一致,0.20164522053036812,0.22240062863509164,0.20164522053036812,0.43681373975589216
药物_艾司唑仑片->检验_尿酸,药物_艾司唑仑片,检验_尿酸,0.3356973799382329,0.14710380090331232,0.43820360150078885,0.6953118452467256,0.34178284816337445,0.17089142408168723,4,中等一致,0.2518070418302731,0.24869629396450554,0.2518070418302731,0.59047914212788
疾病_高脂血症->检验_钾,疾病_高脂血症,检验_钾,0.2153185974224794,0.10046893164237862,0.466605917208569,0.6818464239550643,0.2357204403694449,0.11984478760101643,4,中等一致,0.15341163620567722,0.1653190407034411,0.15341163620567722,0.3891320765751221
药物_阿司匹林肠溶片->检验_尿酸,药物_阿司匹林肠溶片,检验_尿酸,0.2627770978439731,0.15246373849618547,0.5802017746109388,0.6328305764915433,0.35248421274897546,0.17624210637448776,4,中等一致,0.17494457808861655,0.17436751122484195,0.17494457808861655,0.5268517239738174
药物_阿托伐他汀钙片->疾病_冠状动脉粥样硬化性心脏病,药物_阿托伐他汀钙片,疾病_冠状动脉粥样硬化性心脏病,0.26219678172320676,0.16944098589526024,0.6462359483654303,0.6074463390213981,0.4105878617869117,0.20529393089345582,4,中等一致,0.17480428393126657,0.14429534862169108,0.17480428393126657,0.5548832104086028
