边,源节点,目标节点,平均分数,标准差,变异系数,稳定性分数,最大成对差异,平均成对差异,方法数量,一致性水平,MLE_分数,Bayesian_分数,EM_分数,SEM_分数
疾病_高血压->疾病_冠状动脉粥样硬化性心脏病,疾病_高血压,疾病_冠状动脉粥样硬化性心脏病,0.1890870466149544,0.1630730098828523,0.8624229570570451,0.5369349621743148,0.40098097344049505,0.2004904867202475,4,低度一致,0.10849803421504982,0.06918557229461143,0.10849803421504982,0.47016654573510647
