边,源节点,目标节点,平均分数,标准差,变异系数,稳定性分数,最大成对差异,平均成对差异,方法数量,一致性水平,MLE_分数,Bayesian_分数,EM_分数,SEM_分数
药物_阿托伐他汀钙片->疾病_心律失常,药物_阿托伐他汀钙片,疾病_心律失常,0.09444702520191343,0.026470346825509427,0.2802666020334662,0.7810873129172355,0.0690004526753477,0.03450022633767385,4,中等一致,0.10472060551198037,0.11867367122952036,0.10472060551198037,0.04967321855417266
疾病_高血压->疾病_混合痔,疾病_高血压,疾病_混合痔,0.24961196973179212,0.12112541152461652,0.4852548203307946,0.6732851402409729,0.27985274536971266,0.13992637268485633,4,中等一致,0.17974301789596558,0.17955454888276234,0.17974301789596558,0.459407294252475
疾病_高血压->疾病_反流性食管炎,疾病_高血压,疾病_反流性食管炎,0.007391766150251324,0.004237452250279971,0.5732665460657053,0.6356202021206878,0.010904571569975515,0.0054522857849877565,4,中等一致,0.005633274912623735,0.01460254317286667,0.005633274912623735,0.0036979716028911545
检验_磷->药物_碳酸钙片,检验_磷,药物_碳酸钙片,0.3605559213630184,0.21189688946629387,0.5876949369330973,0.6298439182099239,0.4922240644882967,0.24611203224414835,4,中等一致,0.23966454219221725,0.23533526828967113,0.23966454219221725,0.7275593327779678
检验_葡萄糖->药物_碳酸钙片,检验_葡萄糖,药物_碳酸钙片,0.1851534639159816,0.11688490226060728,0.6312866083544998,0.6130130627435929,0.27549119041974834,0.1408011098181826,4,中等一致,0.11169739439858181,0.1300304820484325,0.11169739439858181,0.38718858481833013
