边,源节点,目标节点,平均分数,标准差,变异系数,稳定性分数,最大成对差异,平均成对差异,方法数量,一致性水平,MLE_分数,Bayesian_分数,EM_分数,SEM_分数
药物_阿司匹林肠溶片->检验_钾,药物_阿司匹林肠溶片,检验_钾,0.26562620236293083,0.09919772585004823,0.3734485715927687,0.7280942444319661,0.2351685192255258,0.12104349429688377,4,中等一致,0.20164522053036812,0.22240062863509322,0.20164522053036812,0.43681373975589394
药物_艾司唑仑片->检验_尿酸,药物_艾司唑仑片,检验_尿酸,0.335697379938237,0.14710380090331002,0.43820360150077664,0.6953118452467316,0.3417828481633727,0.17089142408168634,4,中等一致,0.2518070418302803,0.24869629396450732,0.2518070418302803,0.59047914212788
疾病_高脂血症->检验_钾,疾病_高脂血症,检验_钾,0.21531859742247972,0.10046893164237847,0.4666059172085676,0.681846423955065,0.2357204403694449,0.11984478760101662,4,中等一致,0.15341163620567722,0.1653190407034423,0.15341163620567722,0.3891320765751221
药物_阿司匹林肠溶片->检验_尿酸,药物_阿司匹林肠溶片,检验_尿酸,0.26277709784397707,0.15246373849618322,0.5802017746109214,0.6328305764915502,0.35248421274897423,0.17624210637448712,4,中等一致,0.17494457808862376,0.1743675112248432,0.17494457808862376,0.5268517239738174
药物_阿托伐他汀钙片->疾病_冠状动脉粥样硬化性心脏病,药物_阿托伐他汀钙片,疾病_冠状动脉粥样硬化性心脏病,0.26219678172320704,0.16944098589526008,0.646235948365429,0.6074463390213986,0.41058786178691065,0.2052939308934553,4,中等一致,0.17480428393126657,0.1442953486216921,0.17480428393126657,0.5548832104086028
