{
  "疾病_高血压->疾病_冠状动脉粥样硬化性心脏病": {
    "edge": [
      "疾病_高血压",
      "疾病_冠状动脉粥样硬化性心脏病"
    ],
    "method_scores": {
      "MLE": 0.10849803421505547,
      "Bayesian": 0.06918557229462534,
      "EM": 0.10849803421505547,
      "SEM": 0.470166545735106
    },
    "mean_score": 0.18908704661496056,
    "std_score": 0.16307300988284815,
    "coefficient_of_variation": 0.862422957056995,
    "stability_score": 0.5369349621743292,
    "max_pairwise_diff": 0.40098097344048067,
    "avg_pairwise_diff": 0.2004904867202403,
    "num_methods": 4,
    "consistency_level": "低度一致",
    "method_correlations": {
      "MLE-Bayesian": 0.9985495486315422,
      "MLE-EM": 1.0,
      "MLE-SEM": 0.8456530417503393,
      "Bayesian-EM": 0.9985495486315422,
      "Bayesian-SEM": 0.8420353819073616,
      "EM-SEM": 0.8456530417503393
    }
  },
  "疾病_反流性食管炎->药物_艾司唑仑片": {
    "edge": [
      "疾病_反流性食管炎",
      "药物_艾司唑仑片"
    ],
    "method_scores": {
      "MLE": 0.4636087861117015,
      "Bayesian": 0.4501594278362818,
      "EM": 0.4636087861117015,
      "SEM": 0.4901755184430842
    },
    "mean_score": 0.46688812962569226,
    "std_score": 0.014522914043477317,
    "coefficient_of_variation": 0.03110576843133803,
    "stability_score": 0.9698326113734573,
    "max_pairwise_diff": 0.04001609060680239,
    "avg_pairwise_diff": 0.020008045303401195,
    "num_methods": 4,
    "consistency_level": "高度一致",
    "method_correlations": {
      "MLE-Bayesian": 0.9985495486315422,
      "MLE-EM": 1.0,
      "MLE-SEM": 0.8456530417503393,
      "Bayesian-EM": 0.9985495486315422,
      "Bayesian-SEM": 0.8420353819073616,
      "EM-SEM": 0.8456530417503393
    }
  },
  "药物_阿司匹林肠溶片->疾病_糖尿病": {
    "edge": [
      "药物_阿司匹林肠溶片",
      "疾病_糖尿病"
    ],
    "method_scores": {
      "MLE": 0.773287524509755,
      "Bayesian": 0.7536232537582419,
      "EM": 0.773287524509755,
      "SEM": 0.7112572853676077
    },
    "mean_score": 0.7528638970363399,
    "std_score": 0.025327533809717123,
    "coefficient_of_variation": 0.033641583703800035,
    "stability_score": 0.9674533375647933,
    "max_pairwise_diff": 0.062030239142147336,
    "avg_pairwise_diff": 0.03429249802965919,
    "num_methods": 4,
    "consistency_level": "高度一致",
    "method_correlations": {
      "MLE-Bayesian": 0.9985495486315422,
      "MLE-EM": 1.0,
      "MLE-SEM": 0.8456530417503393,
      "Bayesian-EM": 0.9985495486315422,
      "Bayesian-SEM": 0.8420353819073616,
      "EM-SEM": 0.8456530417503393
    }
  },
  "药物_阿司匹林肠溶片->检验_钾": {
    "edge": [
      "药物_阿司匹林肠溶片",
      "检验_钾"
    ],
    "method_scores": {
      "MLE": 0.20164522053037243,
      "Bayesian": 0.22240062863509322,
      "EM": 0.20164522053037243,
      "SEM": 0.43681373975589266
    },
    "mean_score": 0.26562620236293266,
    "std_score": 0.09919772585004628,
    "coefficient_of_variation": 0.37344857159275874,
    "stability_score": 0.7280942444319713,
    "max_pairwise_diff": 0.23516851922552023,
    "avg_pairwise_diff": 0.12104349429688026,
    "num_methods": 4,
    "consistency_level": "中等一致",
    "method_correlations": {
      "MLE-Bayesian": 0.9985495486315422,
      "MLE-EM": 1.0,
      "MLE-SEM": 0.8456530417503393,
      "Bayesian-EM": 0.9985495486315422,
      "Bayesian-SEM": 0.8420353819073616,
      "EM-SEM": 0.8456530417503393
    }
  },
  "疾病_糖尿病->检验_葡萄糖": {
    "edge": [
      "疾病_糖尿病",
      "检验_葡萄糖"
    ],
    "method_scores": {
      "MLE": 0.9825913376102186,
      "Bayesian": 0.9755961838626926,
      "EM": 0.9825913376102186,
      "SEM": 1.0
    },
    "mean_score": 0.9851947147707825,
    "std_score": 0.009012261253319477,
    "coefficient_of_variation": 0.009147695494302655,
    "stability_score": 0.990935226295273,
    "max_pairwise_diff": 0.024403816137307355,
    "avg_pairwise_diff": 0.012201908068653677,
    "num_methods": 4,
    "consistency_level": "高度一致",
    "method_correlations": {
      "MLE-Bayesian": 0.9985495486315422,
      "MLE-EM": 1.0,
      "MLE-SEM": 0.8456530417503393,
      "Bayesian-EM": 0.9985495486315422,
      "Bayesian-SEM": 0.8420353819073616,
      "EM-SEM": 0.8456530417503393
    }
  },
  "药物_阿托伐他汀钙片->疾病_冠状动脉粥样硬化性心脏病": {
    "edge": [
      "药物_阿托伐他汀钙片",
      "疾病_冠状动脉粥样硬化性心脏病"
    ],
    "method_scores": {
      "MLE": 0.17480428393127126,
      "Bayesian": 0.1442953486216921,
      "EM": 0.17480428393127126,
      "SEM": 0.5548832104086023
    },
    "mean_score": 0.26219678172320926,
    "std_score": 0.16944098589525866,
    "coefficient_of_variation": 0.6462359483654181,
    "stability_score": 0.6074463390214027,
    "max_pairwise_diff": 0.4105878617869102,
    "avg_pairwise_diff": 0.20529393089345513,
    "num_methods": 4,
    "consistency_level": "中等一致",
    "method_correlations": {
      "MLE-Bayesian": 0.9985495486315422,
      "MLE-EM": 1.0,
      "MLE-SEM": 0.8456530417503393,
      "Bayesian-EM": 0.9985495486315422,
      "Bayesian-SEM": 0.8420353819073616,
      "EM-SEM": 0.8456530417503393
    }
  },
  "药物_氯化钠注射液->疾病_高血压": {
    "edge": [
      "药物_氯化钠注射液",
      "疾病_高血压"
    ],
    "method_scores": {
      "MLE": 0.0,
      "Bayesian": 0.0,
      "EM": 0.0,
      "SEM": 0.0
    },
    "mean_score": 0.0,
    "std_score": 0.0,
    "coefficient_of_variation": Infinity,
    "stability_score": 1.0,
    "max_pairwise_diff": 0.0,
    "avg_pairwise_diff": 0.0,
    "num_methods": 4,
    "consistency_level": "高度一致",
    "method_correlations": {
      "MLE-Bayesian": 0.9985495486315422,
      "MLE-EM": 1.0,
      "MLE-SEM": 0.8456530417503393,
      "Bayesian-EM": 0.9985495486315422,
      "Bayesian-SEM": 0.8420353819073616,
      "EM-SEM": 0.8456530417503393
    }
  },
  "疾病_反流性食管炎->药物_氯化钠注射液": {
    "edge": [
      "疾病_反流性食管炎",
      "药物_氯化钠注射液"
    ],
    "method_scores": {
      "MLE": 0.07299448360083345,
      "Bayesian": 0.059943227596270576,
      "EM": 0.07299448360083345,
      "SEM": 0.07161957290344793
    },
    "mean_score": 0.06938794192534635,
    "std_score": 0.005481721702492805,
    "coefficient_of_variation": 0.0790010706527443,
    "stability_score": 0.9267831397007305,
    "max_pairwise_diff": 0.013051256004562875,
    "avg_pairwise_diff": 0.006754779785179024,
    "num_methods": 4,
    "consistency_level": "高度一致",
    "method_correlations": {
      "MLE-Bayesian": 0.9985495486315422,
      "MLE-EM": 1.0,
      "MLE-SEM": 0.8456530417503393,
      "Bayesian-EM": 0.9985495486315422,
      "Bayesian-SEM": 0.8420353819073616,
      "EM-SEM": 0.8456530417503393
    }
  },
  "疾病_反流性食管炎->疾病_高脂血症": {
    "edge": [
      "疾病_反流性食管炎",
      "疾病_高脂血症"
    ],
    "method_scores": {
      "MLE": 0.5578082837399677,
      "Bayesian": 0.553007625372251,
      "EM": 0.5578082837399677,
      "SEM": 0.5030909590483083
    },
    "mean_score": 0.5429287879751237,
    "std_score": 0.02308373001332306,
    "coefficient_of_variation": 0.042517049242157205,
    "stability_score": 0.9592169266938471,
    "max_pairwise_diff": 0.054717324691659464,
    "avg_pairwise_diff": 0.028158772073782517,
    "num_methods": 4,
    "consistency_level": "高度一致",
    "method_correlations": {
      "MLE-Bayesian": 0.9985495486315422,
      "MLE-EM": 1.0,
      "MLE-SEM": 0.8456530417503393,
      "Bayesian-EM": 0.9985495486315422,
      "Bayesian-SEM": 0.8420353819073616,
      "EM-SEM": 0.8456530417503393
    }
  },
  "药物_阿司匹林肠溶片->检验_尿酸": {
    "edge": [
      "药物_阿司匹林肠溶片",
      "检验_尿酸"
    ],
    "method_scores": {
      "MLE": 0.17494457808863564,
      "Bayesian": 0.1743675112248432,
      "EM": 0.17494457808863564,
      "SEM": 0.526851723973817
    },
    "mean_score": 0.26277709784398284,
    "std_score": 0.15246373849617958,
    "coefficient_of_variation": 0.5802017746108948,
    "stability_score": 0.6328305764915608,
    "max_pairwise_diff": 0.3524842127489738,
    "avg_pairwise_diff": 0.1762421063744869,
    "num_methods": 4,
    "consistency_level": "中等一致",
    "method_correlations": {
      "MLE-Bayesian": 0.9985495486315422,
      "MLE-EM": 1.0,
      "MLE-SEM": 0.8456530417503393,