边,源节点,目标节点,平均分数,标准差,变异系数,稳定性分数,最大成对差异,平均成对差异,方法数量,一致性水平,MLE_分数,Bayesian_分数,EM_分数,SEM_分数
药物_阿司匹林肠溶片->检验_钾,药物_阿司匹林肠溶片,检验_钾,0.2656262023629298,0.09919772585004641,0.3734485715927633,0.7280942444319689,0.2351685192255169,0.12104349429687622,4,中等一致,0.20164522053037387,0.22240062863508042,0.20164522053037387,0.4368137397558908
药物_艾司唑仑片->检验_尿酸,药物_艾司唑仑片,检验_尿酸,0.335697379938238,0.14710380090330874,0.43820360150077153,0.6953118452467341,0.3417828481633769,0.17089142408168845,4,中等一致,0.2518070418302857,0.2486962939645019,0.2518070418302857,0.5904791421278788
疾病_高脂血症->检验_钾,疾病_高脂血症,检验_钾,0.21531859742247728,0.1004689316423785,0.46660591720857303,0.6818464239550626,0.23572044036943735,0.11984478760100843,4,中等一致,0.15341163620568332,0.16531904070342188,0.15341163620568332,0.38913207657512067
药物_阿司匹林肠溶片->检验_尿酸,药物_阿司匹林肠溶片,检验_尿酸,0.2627770978439836,0.15246373849617867,0.5802017746108896,0.6328305764915629,0.3524842127489716,0.1762421063744858,4,中等一致,0.17494457808863692,0.17436751122484445,0.17494457808863692,0.5268517239738161
药物_阿托伐他汀钙片->疾病_冠状动脉粥样硬化性心脏病,药物_阿托伐他汀钙片,疾病_冠状动脉粥样硬化性心脏病,0.2621967817232117,0.16944098589525716,0.6462359483654063,0.607446339021407,0.41058786178691553,0.20529393089345774,4,中等一致,0.17480428393127972,0.14429534862168594,0.17480428393127972,0.5548832104086014
