{
  "疾病_高血压->疾病_冠状动脉粥样硬化性心脏病": {
    "edge": [
      "疾病_高血压",
      "疾病_冠状动脉粥样硬化性心脏病"
    ],
    "method_scores": {
      "MLE": 0.10849803421504982,
      "Bayesian": 0.06918557229462584,
      "EM": 0.10849803421504982,
      "SEM": 0.470166545735106
    },
    "mean_score": 0.18908704661495787,
    "std_score": 0.16307300988284948,
    "coefficient_of_variation": 0.8624229570570143,
    "stability_score": 0.5369349621743237,
    "max_pairwise_diff": 0.40098097344048017,
    "avg_pairwise_diff": 0.20049048672024009,
    "num_methods": 4,
    "consistency_level": "低度一致",
    "method_correlations": {
      "MLE-Bayesian": 0.998549548631542,
      "MLE-EM": 1.0,
      "MLE-SEM": 0.8456530417503371,
      "Bayesian-EM": 0.998549548631542,
      "Bayesian-SEM": 0.8420353819073608,
      "EM-SEM": 0.8456530417503371
    }
  },
  "疾病_反流性食管炎->药物_艾司唑仑片": {
    "edge": [
      "疾病_反流性食管炎",
      "药物_艾司唑仑片"
    ],
    "method_scores": {
      "MLE": 0.4636087861117082,
      "Bayesian": 0.4501594278362851,
      "EM": 0.4636087861117082,
      "SEM": 0.4901755184430833
    },
    "mean_score": 0.4668881296256962,
    "std_score": 0.014522914043475258,
    "coefficient_of_variation": 0.031105768431333357,
    "stability_score": 0.9698326113734618,
    "max_pairwise_diff": 0.04001609060679823,
    "avg_pairwise_diff": 0.020008045303399113,
    "num_methods": 4,
    "consistency_level": "高度一致",
    "method_correlations": {
      "MLE-Bayesian": 0.998549548631542,
      "MLE-EM": 1.0,
      "MLE-SEM": 0.8456530417503371,
      "Bayesian-EM": 0.998549548631542,
      "Bayesian-SEM": 0.8420353819073608,
      "EM-SEM": 0.8456530417503371
    }
  },
  "药物_阿司匹林肠溶片->疾病_糖尿病": {
    "edge": [
      "药物_阿司匹林肠溶片",
      "疾病_糖尿病"
    ],
    "method_scores": {
      "MLE": 0.7732875245097589,
      "Bayesian": 0.7536232537582546,
      "EM": 0.7732875245097589,
      "SEM": 0.711257285367608
    },
    "mean_score": 0.7528638970363452,
    "std_score": 0.025327533809718646,
    "coefficient_of_variation": 0.033641583703801825,
    "stability_score": 0.9674533375647917,
    "max_pairwise_diff": 0.06203023914215089,
    "avg_pairwise_diff": 0.0342924980296595,
    "num_methods": 4,
    "consistency_level": "高度一致",
    "method_correlations": {
      "MLE-Bayesian": 0.998549548631542,
      "MLE-EM": 1.0,
      "MLE-SEM": 0.8456530417503371,
      "Bayesian-EM": 0.998549548631542,
      "Bayesian-SEM": 0.8420353819073608,
      "EM-SEM": 0.8456530417503371
    }
  },
  "药物_阿司匹林肠溶片->检验_钾": {
    "edge": [
      "药物_阿司匹林肠溶片",
      "检验_钾"
    ],
    "method_scores": {
      "MLE": 0.20164522053036812,
      "Bayesian": 0.22240062863508764,
      "EM": 0.20164522053036812,
      "SEM": 0.43681373975589255
    },
    "mean_score": 0.2656262023629291,
    "std_score": 0.09919772585004824,
    "coefficient_of_variation": 0.3734485715927711,
    "stability_score": 0.7280942444319648,
    "max_pairwise_diff": 0.23516851922552442,
    "avg_pairwise_diff": 0.12104349429688215,
    "num_methods": 4,
    "consistency_level": "中等一致",
    "method_correlations": {
      "MLE-Bayesian": 0.998549548631542,
      "MLE-EM": 1.0,
      "MLE-SEM": 0.8456530417503371,
      "Bayesian-EM": 0.998549548631542,
      "Bayesian-SEM": 0.8420353819073608,
      "EM-SEM": 0.8456530417503371
    }
  },
  "疾病_糖尿病->检验_葡萄糖": {
    "edge": [
      "疾病_糖尿病",
      "检验_葡萄糖"
    ],
    "method_scores": {
      "MLE": 0.9825913376102183,
      "Bayesian": 0.9755961838626924,
      "EM": 0.9825913376102183,
      "SEM": 1.0
    },
    "mean_score": 0.9851947147707822,
    "std_score": 0.009012261253319567,
    "coefficient_of_variation": 0.009147695494302749,
    "stability_score": 0.9909352262952728,
    "max_pairwise_diff": 0.024403816137307577,
    "avg_pairwise_diff": 0.012201908068653788,
    "num_methods": 4,
    "consistency_level": "高度一致",
    "method_correlations": {
      "MLE-Bayesian": 0.998549548631542,
      "MLE-EM": 1.0,
      "MLE-SEM": 0.8456530417503371,
      "Bayesian-EM": 0.998549548631542,
      "Bayesian-SEM": 0.8420353819073608,
      "EM-SEM": 0.8456530417503371
    }
  },
  "药物_阿托伐他汀钙片->疾病_冠状动脉粥样硬化性心脏病": {
    "edge": [
      "药物_阿托伐他汀钙片",
      "疾病_冠状动脉粥样硬化性心脏病"
    ],
    "method_scores": {
      "MLE": 0.17480428393127379,
      "Bayesian": 0.14429534862170756,
      "EM": 0.17480428393127379,
      "SEM": 0.5548832104086023
    },
    "mean_score": 0.26219678172321437,
    "std_score": 0.16944098589525533,
    "coefficient_of_variation": 0.6462359483653928,
    "stability_score": 0.607446339021412,
    "max_pairwise_diff": 0.41058786178689477,
    "avg_pairwise_diff": 0.20529393089344738,
    "num_methods": 4,
    "consistency_level": "中等一致",
    "method_correlations": {
      "MLE-Bayesian": 0.998549548631542,
      "MLE-EM": 1.0,
      "MLE-SEM": 0.8456530417503371,
      "Bayesian-EM": 0.998549548631542,
      "Bayesian-SEM": 0.8420353819073608,
      "EM-SEM": 0.8456530417503371
    }
  },
  "药物_氯化钠注射液->疾病_高血压": {
    "edge": [
      "药物_氯化钠注射液",
      "疾病_高血压"
    ],
    "method_scores": {
      "MLE": 0.0,
      "Bayesian": 0.0,
      "EM": 0.0,
      "SEM": 0.0
    },
    "mean_score": 0.0,
    "std_score": 0.0,
    "coefficient_of_variation": Infinity,
    "stability_score": 1.0,
    "max_pairwise_diff": 0.0,
    "avg_pairwise_diff": 0.0,
    "num_methods": 4,
    "consistency_level": "高度一致",
    "method_correlations": {
      "MLE-Bayesian": 0.998549548631542,
      "MLE-EM": 1.0,
      "MLE-SEM": 0.8456530417503371,
      "Bayesian-EM": 0.998549548631542,
      "Bayesian-SEM": 0.8420353819073608,
      "EM-SEM": 0.8456530417503371
    }
  },
  "疾病_反流性食管炎->药物_氯化钠注射液": {
    "edge": [
      "疾病_反流性食管炎",
      "药物_氯化钠注射液"
    ],
    "method_scores": {
      "MLE": 0.07299448360082729,
      "Bayesian": 0.05994322759627821,
      "EM": 0.07299448360082729,
      "SEM": 0.07161957290344807
    },
    "mean_score": 0.06938794192534521,
    "std_score": 0.005481721702487505,
    "coefficient_of_variation": 0.0790010706526692,
    "stability_score": 0.926783139700795,
    "max_pairwise_diff": 0.01305125600454908,
    "avg_pairwise_diff": 0.006754779785171076,
    "num_methods": 4,
    "consistency_level": "高度一致",
    "method_correlations": {
      "MLE-Bayesian": 0.998549548631542,
      "MLE-EM": 1.0,
      "MLE-SEM": 0.8456530417503371,
      "Bayesian-EM": 0.998549548631542,
      "Bayesian-SEM": 0.8420353819073608,
      "EM-SEM": 0.8456530417503371
    }
  },
  "疾病_反流性食管炎->疾病_高脂血症": {
    "edge": [
      "疾病_反流性食管炎",
      "疾病_高脂血症"
    ],
    "method_scores": {
      "MLE": 0.5578082837399686,
      "Bayesian": 0.5530076253722478,
      "EM": 0.5578082837399686,
      "SEM": 0.5030909590483074
    },
    "mean_score": 0.542928787975123,
    "std_score": 0.02308373001332338,
    "coefficient_of_variation": 0.042517049242157844,
    "stability_score": 0.9592169266938464,
    "max_pairwise_diff": 0.05471732469166124,
    "avg_pairwise_diff": 0.02815877207378409,
    "num_methods": 4,
    "consistency_level": "高度一致",
    "method_correlations": {
      "MLE-Bayesian": 0.998549548631542,
      "MLE-EM": 1.0,
      "MLE-SEM": 0.8456530417503371,
      "Bayesian-EM": 0.998549548631542,
      "Bayesian-SEM": 0.8420353819073608,
      "EM-SEM": 0.8456530417503371
    }
  },
  "药物_阿司匹林肠溶片->检验_尿酸": {
    "edge": [
      "药物_阿司匹林肠溶片",
      "检验_尿酸"
    ],
    "method_scores": {
      "MLE": 0.17494457808863095,
      "Bayesian": 0.17436751122484445,
      "EM": 0.17494457808863095,
      "SEM": 0.526851723973817
    },
    "mean_score": 0.26277709784398084,
    "std_score": 0.15246373849618075,
    "coefficient_of_variation": 0.5802017746109036,
    "stability_score": 0.6328305764915573,
    "max_pairwise_diff": 0.3524842127489725,
    "avg_pairwise_diff": 0.17624210637448626,
    "num_methods": 4,
    "consistency_level": "中等一致",
    "method_correlations": {
      "MLE-Bayesian": 0.998549548631542,
      "MLE-EM": 1.0,
      "MLE-SEM": 0.8456530417503371,