{
  "疾病_高血压->疾病_冠状动脉粥样硬化性心脏病": {
    "edge": [
      "疾病_高血压",
      "疾病_冠状动脉粥样硬化性心脏病"
    ],
    "method_scores": {
      "MLE": 0.10849803421505624,
      "Bayesian": 0.06918557229461864,
      "EM": 0.10849803421505624,
      "SEM": 0.47016654573510647
    },
    "mean_score": 0.1890870466149594,
    "std_score": 0.1630730098828494,
    "coefficient_of_variation": 0.8624229570570069,
    "stability_score": 0.5369349621743258,
    "max_pairwise_diff": 0.40098097344048783,
    "avg_pairwise_diff": 0.20049048672024392,
    "num_methods": 4,
    "consistency_level": "低度一致",
    "method_correlations": {
      "MLE-Bayesian": 0.9985495486315417,
      "MLE-EM": 1.0,
      "MLE-SEM": 0.8456530417503384,
      "Bayesian-EM": 0.9985495486315417,
      "Bayesian-SEM": 0.8420353819073606,
      "EM-SEM": 0.8456530417503384
    }
  },
  "疾病_反流性食管炎->药物_艾司唑仑片": {
    "edge": [
      "疾病_反流性食管炎",
      "药物_艾司唑仑片"
    ],
    "method_scores": {
      "MLE": 0.4636087861117048,
      "Bayesian": 0.4501594278362851,
      "EM": 0.4636087861117048,
      "SEM": 0.49017551844308377
    },
    "mean_score": 0.46688812962569465,
    "std_score": 0.01452291404347582,
    "coefficient_of_variation": 0.031105768431334665,
    "stability_score": 0.9698326113734604,
    "max_pairwise_diff": 0.04001609060679867,
    "avg_pairwise_diff": 0.020008045303399336,
    "num_methods": 4,
    "consistency_level": "高度一致",
    "method_correlations": {
      "MLE-Bayesian": 0.9985495486315417,
      "MLE-EM": 1.0,
      "MLE-SEM": 0.8456530417503384,
      "Bayesian-EM": 0.9985495486315417,
      "Bayesian-SEM": 0.8420353819073606,
      "EM-SEM": 0.8456530417503384
    }
  },
  "药物_阿司匹林肠溶片->疾病_糖尿病": {
    "edge": [
      "药物_阿司匹林肠溶片",
      "疾病_糖尿病"
    ],
    "method_scores": {
      "MLE": 0.7732875245097606,
      "Bayesian": 0.7536232537582546,
      "EM": 0.7732875245097606,
      "SEM": 0.7112572853676083
    },
    "mean_score": 0.752863897036346,
    "std_score": 0.02532753380971918,
    "coefficient_of_variation": 0.0336415837038025,
    "stability_score": 0.967453337564791,
    "max_pairwise_diff": 0.06203023914215222,
    "avg_pairwise_diff": 0.034292498029660445,
    "num_methods": 4,
    "consistency_level": "高度一致",
    "method_correlations": {
      "MLE-Bayesian": 0.9985495486315417,
      "MLE-EM": 1.0,
      "MLE-SEM": 0.8456530417503384,
      "Bayesian-EM": 0.9985495486315417,
      "Bayesian-SEM": 0.8420353819073606,
      "EM-SEM": 0.8456530417503384
    }
  },
  "药物_阿司匹林肠溶片->检验_钾": {
    "edge": [
      "药物_阿司匹林肠溶片",
      "检验_钾"
    ],
    "method_scores": {
      "MLE": 0.20164522053037387,
      "Bayesian": 0.22240062863508764,
      "EM": 0.20164522053037387,
      "SEM": 0.43681373975589216
    },
    "mean_score": 0.2656262023629319,
    "std_score": 0.09919772585004621,
    "coefficient_of_variation": 0.37344857159275957,
    "stability_score": 0.7280942444319709,
    "max_pairwise_diff": 0.2351685192255183,
    "avg_pairwise_diff": 0.1210434942968781,
    "num_methods": 4,
    "consistency_level": "中等一致",
    "method_correlations": {
      "MLE-Bayesian": 0.9985495486315417,
      "MLE-EM": 1.0,
      "MLE-SEM": 0.8456530417503384,
      "Bayesian-EM": 0.9985495486315417,
      "Bayesian-SEM": 0.8420353819073606,
      "EM-SEM": 0.8456530417503384
    }
  },
  "疾病_糖尿病->检验_葡萄糖": {
    "edge": [
      "疾病_糖尿病",
      "检验_葡萄糖"
    ],
    "method_scores": {
      "MLE": 0.9825913376102184,
      "Bayesian": 0.9755961838626996,
      "EM": 0.9825913376102184,
      "SEM": 1.0
    },
    "mean_score": 0.9851947147707841,
    "std_score": 0.00901226125331763,
    "coefficient_of_variation": 0.009147695494300766,
    "stability_score": 0.9909352262952748,
    "max_pairwise_diff": 0.02440381613730036,
    "avg_pairwise_diff": 0.01220190806865018,
    "num_methods": 4,
    "consistency_level": "高度一致",
    "method_correlations": {
      "MLE-Bayesian": 0.9985495486315417,
      "MLE-EM": 1.0,
      "MLE-SEM": 0.8456530417503384,
      "Bayesian-EM": 0.9985495486315417,
      "Bayesian-SEM": 0.8420353819073606,
      "EM-SEM": 0.8456530417503384
    }
  },
  "药物_阿托伐他汀钙片->疾病_冠状动脉粥样硬化性心脏病": {
    "edge": [
      "药物_阿托伐他汀钙片",
      "疾病_冠状动脉粥样硬化性心脏病"
    ],
    "method_scores": {
      "MLE": 0.17480428393127254,
      "Bayesian": 0.14429534862168594,
      "EM": 0.17480428393127254,
      "SEM": 0.5548832104086028
    },
    "mean_score": 0.2621967817232085,
    "std_score": 0.1694409858952596,
    "coefficient_of_variation": 0.6462359483654236,
    "stability_score": 0.6074463390214005,
    "max_pairwise_diff": 0.41058786178691686,
    "avg_pairwise_diff": 0.2052939308934584,
    "num_methods": 4,
    "consistency_level": "中等一致",
    "method_correlations": {
      "MLE-Bayesian": 0.9985495486315417,
      "MLE-EM": 1.0,
      "MLE-SEM": 0.8456530417503384,
      "Bayesian-EM": 0.9985495486315417,
      "Bayesian-SEM": 0.8420353819073606,
      "EM-SEM": 0.8456530417503384
    }
  },
  "药物_氯化钠注射液->疾病_高血压": {
    "edge": [
      "药物_氯化钠注射液",
      "疾病_高血压"
    ],
    "method_scores": {
      "MLE": 0.0,
      "Bayesian": 0.0,
      "EM": 0.0,
      "SEM": 0.0
    },
    "mean_score": 0.0,
    "std_score": 0.0,
    "coefficient_of_variation": Infinity,
    "stability_score": 1.0,
    "max_pairwise_diff": 0.0,
    "avg_pairwise_diff": 0.0,
    "num_methods": 4,
    "consistency_level": "高度一致",
    "method_correlations": {
      "MLE-Bayesian": 0.9985495486315417,
      "MLE-EM": 1.0,
      "MLE-SEM": 0.8456530417503384,
      "Bayesian-EM": 0.9985495486315417,
      "Bayesian-SEM": 0.8420353819073606,
      "EM-SEM": 0.8456530417503384
    }
  },
  "疾病_反流性食管炎->药物_氯化钠注射液": {
    "edge": [
      "疾病_反流性食管炎",
      "药物_氯化钠注射液"
    ],
    "method_scores": {
      "MLE": 0.07299448360082676,
      "Bayesian": 0.059943227596271006,
      "EM": 0.07299448360082676,
      "SEM": 0.071619572903448
    },
    "mean_score": 0.06938794192534313,
    "std_score": 0.005481721702490427,
    "coefficient_of_variation": 0.0790010706527137,
    "stability_score": 0.9267831397007567,
    "max_pairwise_diff": 0.013051256004555756,
    "avg_pairwise_diff": 0.006754779785174338,
    "num_methods": 4,
    "consistency_level": "高度一致",
    "method_correlations": {
      "MLE-Bayesian": 0.9985495486315417,
      "MLE-EM": 1.0,
      "MLE-SEM": 0.8456530417503384,
      "Bayesian-EM": 0.9985495486315417,
      "Bayesian-SEM": 0.8420353819073606,
      "EM-SEM": 0.8456530417503384
    }
  },
  "疾病_反流性食管炎->疾病_高脂血症": {
    "edge": [
      "疾病_反流性食管炎",
      "疾病_高脂血症"
    ],
    "method_scores": {
      "MLE": 0.5578082837399718,
      "Bayesian": 0.5530076253722478,
      "EM": 0.5578082837399718,
      "SEM": 0.5030909590483078
    },
    "mean_score": 0.5429287879751248,
    "std_score": 0.023083730013324224,
    "coefficient_of_variation": 0.04251704924215926,
    "stability_score": 0.9592169266938452,
    "max_pairwise_diff": 0.054717324691664015,
    "avg_pairwise_diff": 0.028158772073786014,
    "num_methods": 4,
    "consistency_level": "高度一致",
    "method_correlations": {
      "MLE-Bayesian": 0.9985495486315417,
      "MLE-EM": 1.0,
      "MLE-SEM": 0.8456530417503384,
      "Bayesian-EM": 0.9985495486315417,
      "Bayesian-SEM": 0.8420353819073606,
      "EM-SEM": 0.8456530417503384
    }
  },
  "药物_阿司匹林肠溶片->检验_尿酸": {
    "edge": [
      "药物_阿司匹林肠溶片",
      "检验_尿酸"
    ],
    "method_scores": {
      "MLE": 0.17494457808863692,
      "Bayesian": 0.17436751122484445,
      "EM": 0.17494457808863692,
      "SEM": 0.5268517239738174
    },
    "mean_score": 0.26277709784398395,
    "std_score": 0.15246373849617922,
    "coefficient_of_variation": 0.580201774610891,
    "stability_score": 0.6328305764915624,
    "max_pairwise_diff": 0.35248421274897296,
    "avg_pairwise_diff": 0.17624210637448648,
    "num_methods": 4,
    "consistency_level": "中等一致",
    "method_correlations": {
      "MLE-Bayesian": 0.9985495486315417,
      "MLE-EM": 1.0,
      "MLE-SEM": 0.8456530417503384,