边,源节点,目标节点,平均分数,标准差,变异系数,稳定性分数,最大成对差异,平均成对差异,方法数量,一致性水平,MLE_分数,Bayesian_分数,EM_分数,SEM_分数
疾病_高血压->疾病_脂肪肝,疾病_高血压,疾病_脂肪肝,0.0006972568699848431,0.0006972568699848431,1.0,0.5,0.0013945137399696862,0.0009296758266464575,4,低度一致,0.0013945137399696862,0.0,0.0013945137399696862,0.0
疾病_高血压->疾病_糖尿病,疾病_高血压,疾病_糖尿病,0.11001061159914621,0.13023459000366017,1.1838366145822874,0.457909714180369,0.30290387745995895,0.15145193872997945,4,低度一致,0.03590120895085381,0.03266807551745915,0.03590120895085381,0.3355719529774181
疾病_高血压->疾病_动脉硬化,疾病_高血压,疾病_动脉硬化,0.11620265011754859,0.14379041267225318,1.237410786473435,0.4469451948858177,0.3479789252503851,0.17398946262519255,4,低度一致,0.04177472374474666,0.016641113865157958,0.04177472374474666,0.3646200391155431
