边,源节点,目标节点,平均分数,标准差,变异系数,稳定性分数,最大成对差异,平均成对差异,方法数量,一致性水平,MLE_分数,Bayesian_分数,EM_分数,SEM_分数
药物_阿托伐他汀钙片->疾病_心律失常,药物_阿托伐他汀钙片,疾病_心律失常,0.09444702520190637,0.026470346825506703,0.2802666020334583,0.7810873129172404,0.06900045267534774,0.03450022633767387,4,中等一致,0.10472060551196624,0.11867367122952036,0.10472060551196624,0.049673218554172616
疾病_高血压->疾病_混合痔,疾病_高血压,疾病_混合痔,0.24961196973179128,0.12112541152461771,0.485254820330801,0.67328514024097,0.27985274536972116,0.1399263726848606,4,中等一致,0.17974301789596692,0.17955454888275504,0.17974301789596692,0.45940729425247623
疾病_高血压->疾病_反流性食管炎,疾病_高血压,疾病_反流性食管炎,0.0073917661502495196,0.004237452250276859,0.5732665460654242,0.6356202021208014,0.010904571569968222,0.005452285784984111,4,中等一致,0.0056332749126237775,0.014602543172859373,0.0056332749126237775,0.0036979716028911515
检验_磷->药物_碳酸钙片,检验_磷,药物_碳酸钙片,0.3605559213630191,0.21189688946629312,0.587694936933094,0.6298439182099251,0.49222406448829614,0.24611203224414804,4,中等一致,0.23966454219221905,0.23533526828967113,0.23966454219221905,0.7275593327779672
检验_葡萄糖->药物_碳酸钙片,检验_葡萄糖,药物_碳酸钙片,0.1851534639159823,0.1168849022606076,0.6312866083544991,0.6130130627435932,0.2754911904197488,0.1408011098181827,4,中等一致,0.11169739439858264,0.1300304820484325,0.11169739439858264,0.38718858481833146
