边,源节点,目标节点,平均分数,标准差,变异系数,稳定性分数,最大成对差异,平均成对差异,方法数量,一致性水平,MLE_分数,Bayesian_分数,EM_分数,SEM_分数
药物_阿司匹林肠溶片->检验_钾,药物_阿司匹林肠溶片,检验_钾,0.26562620236293266,0.09919772585004628,0.37344857159275874,0.7280942444319713,0.23516851922552023,0.12104349429688026,4,中等一致,0.20164522053037243,0.22240062863509322,0.20164522053037243,0.43681373975589266
药物_艾司唑仑片->检验_尿酸,药物_艾司唑仑片,检验_尿酸,0.3356973799382386,0.14710380090330877,0.4382036015007708,0.6953118452467344,0.3417828481633721,0.1708914240816861,4,中等一致,0.25180704183028385,0.24869629396450732,0.25180704183028385,0.5904791421278794
疾病_高脂血症->检验_钾,疾病_高脂血症,检验_钾,0.2153185974224857,0.10046893164237457,0.4666059172085365,0.6818464239550794,0.23572044036943238,0.11984478760100835,4,中等一致,0.1534116362056894,0.1653190407034423,0.1534116362056894,0.3891320765751218
药物_阿司匹林肠溶片->检验_尿酸,药物_阿司匹林肠溶片,检验_尿酸,0.26277709784398284,0.15246373849617958,0.5802017746108948,0.6328305764915608,0.3524842127489738,0.1762421063744869,4,中等一致,0.17494457808863564,0.1743675112248432,0.17494457808863564,0.526851723973817
药物_阿托伐他汀钙片->疾病_冠状动脉粥样硬化性心脏病,药物_阿托伐他汀钙片,疾病_冠状动脉粥样硬化性心脏病,0.26219678172320926,0.16944098589525866,0.6462359483654181,0.6074463390214027,0.4105878617869102,0.20529393089345513,4,中等一致,0.17480428393127126,0.1442953486216921,0.17480428393127126,0.5548832104086023
