边,源节点,目标节点,平均分数,标准差,变异系数,稳定性分数,最大成对差异,平均成对差异,方法数量,一致性水平,MLE_分数,Bayesian_分数,EM_分数,SEM_分数
药物_阿司匹林肠溶片->检验_钾,药物_阿司匹林肠溶片,检验_钾,0.26562620236293305,0.0991977258500465,0.37344857159275907,0.7280942444319711,0.2351685192255186,0.12104349429687801,4,中等一致,0.20164522053037534,0.22240062863508764,0.20164522053037534,0.43681373975589394
药物_艾司唑仑片->检验_尿酸,药物_艾司唑仑片,检验_尿酸,0.3356973799382357,0.14710380090331082,0.43820360150078075,0.6953118452467295,0.3417828481633781,0.17089142408168903,4,中等一致,0.2518070418302803,0.2486962939645019,0.2518070418302803,0.59047914212788
疾病_高脂血症->检验_钾,疾病_高脂血症,检验_钾,0.21531859742247822,0.10046893164237922,0.4666059172085743,0.6818464239550619,0.2357204403694449,0.11984478760101562,4,中等一致,0.15341163620567722,0.16531904070343628,0.15341163620567722,0.3891320765751221
药物_阿司匹林肠溶片->检验_尿酸,药物_阿司匹林肠溶片,检验_尿酸,0.26277709784397574,0.15246373849618447,0.580201774610929,0.6328305764915472,0.352484212748981,0.17624210637449053,4,中等一致,0.17494457808862376,0.17436751122483726,0.17494457808862376,0.5268517239738183
药物_阿托伐他汀钙片->疾病_冠状动脉粥样硬化性心脏病,药物_阿托伐他汀钙片,疾病_冠状动脉粥样硬化性心脏病,0.2621967817232055,0.16944098589526116,0.646235948365437,0.6074463390213957,0.41058786178691686,0.2052939308934584,4,中等一致,0.17480428393126657,0.14429534862168594,0.17480428393126657,0.5548832104086028
