{
  "疾病_高血压->疾病_冠状动脉粥样硬化性心脏病": {
    "edge": [
      "疾病_高血压",
      "疾病_冠状动脉粥样硬化性心脏病"
    ],
    "method_scores": {
      "MLE": 0.10849803421505624,
      "Bayesian": 0.06918557229461143,
      "EM": 0.10849803421505624,
      "SEM": 0.470166545735106
    },
    "mean_score": 0.1890870466149575,
    "std_score": 0.16307300988285053,
    "coefficient_of_variation": 0.8624229570570215,
    "stability_score": 0.5369349621743216,
    "max_pairwise_diff": 0.4009809734404946,
    "avg_pairwise_diff": 0.20049048672024727,
    "num_methods": 4,
    "consistency_level": "低度一致",
    "method_correlations": {
      "MLE-Bayesian": 0.9985495486315416,
      "MLE-EM": 1.0,
      "MLE-SEM": 0.8456530417503376,
      "Bayesian-EM": 0.9985495486315416,
      "Bayesian-SEM": 0.8420353819073597,
      "EM-SEM": 0.8456530417503376
    }
  },
  "疾病_反流性食管炎->药物_艾司唑仑片": {
    "edge": [
      "疾病_反流性食管炎",
      "药物_艾司唑仑片"
    ],
    "method_scores": {
      "MLE": 0.463608786111712,
      "Bayesian": 0.4501594278362851,
      "EM": 0.463608786111712,
      "SEM": 0.4901755184430833
    },
    "mean_score": 0.46688812962569815,
    "std_score": 0.014522914043474828,
    "coefficient_of_variation": 0.031105768431332306,
    "stability_score": 0.9698326113734628,
    "max_pairwise_diff": 0.04001609060679823,
    "avg_pairwise_diff": 0.020008045303399113,
    "num_methods": 4,
    "consistency_level": "高度一致",
    "method_correlations": {
      "MLE-Bayesian": 0.9985495486315416,
      "MLE-EM": 1.0,
      "MLE-SEM": 0.8456530417503376,
      "Bayesian-EM": 0.9985495486315416,
      "Bayesian-SEM": 0.8420353819073597,
      "EM-SEM": 0.8456530417503376
    }
  },
  "药物_阿司匹林肠溶片->疾病_糖尿病": {
    "edge": [
      "药物_阿司匹林肠溶片",
      "疾病_糖尿病"
    ],
    "method_scores": {
      "MLE": 0.7732875245097606,
      "Bayesian": 0.7536232537582401,
      "EM": 0.7732875245097606,
      "SEM": 0.711257285367608
    },
    "mean_score": 0.7528638970363423,
    "std_score": 0.02532753380971921,
    "coefficient_of_variation": 0.033641583703802706,
    "stability_score": 0.9674533375647908,
    "max_pairwise_diff": 0.062030239142152555,
    "avg_pairwise_diff": 0.03429249802966302,
    "num_methods": 4,
    "consistency_level": "高度一致",
    "method_correlations": {
      "MLE-Bayesian": 0.9985495486315416,
      "MLE-EM": 1.0,
      "MLE-SEM": 0.8456530417503376,
      "Bayesian-EM": 0.9985495486315416,
      "Bayesian-SEM": 0.8420353819073597,
      "EM-SEM": 0.8456530417503376
    }
  },
  "药物_阿司匹林肠溶片->检验_钾": {
    "edge": [
      "药物_阿司匹林肠溶片",
      "检验_钾"
    ],
    "method_scores": {
      "MLE": 0.20164522053037387,
      "Bayesian": 0.22240062863508042,
      "EM": 0.20164522053037387,
      "SEM": 0.4368137397558908
    },
    "mean_score": 0.2656262023629298,
    "std_score": 0.09919772585004641,
    "coefficient_of_variation": 0.3734485715927633,
    "stability_score": 0.7280942444319689,
    "max_pairwise_diff": 0.2351685192255169,
    "avg_pairwise_diff": 0.12104349429687622,
    "num_methods": 4,
    "consistency_level": "中等一致",
    "method_correlations": {
      "MLE-Bayesian": 0.9985495486315416,
      "MLE-EM": 1.0,
      "MLE-SEM": 0.8456530417503376,
      "Bayesian-EM": 0.9985495486315416,
      "Bayesian-SEM": 0.8420353819073597,
      "EM-SEM": 0.8456530417503376
    }
  },
  "疾病_糖尿病->检验_葡萄糖": {
    "edge": [
      "疾病_糖尿病",
      "检验_葡萄糖"
    ],
    "method_scores": {
      "MLE": 0.9825913376102184,
      "Bayesian": 0.9755961838626924,
      "EM": 0.9825913376102184,
      "SEM": 1.0
    },
    "mean_score": 0.9851947147707822,
    "std_score": 0.00901226125331955,
    "coefficient_of_variation": 0.009147695494302732,
    "stability_score": 0.9909352262952728,
    "max_pairwise_diff": 0.024403816137307577,
    "avg_pairwise_diff": 0.012201908068653788,
    "num_methods": 4,
    "consistency_level": "高度一致",
    "method_correlations": {
      "MLE-Bayesian": 0.9985495486315416,
      "MLE-EM": 1.0,
      "MLE-SEM": 0.8456530417503376,
      "Bayesian-EM": 0.9985495486315416,
      "Bayesian-SEM": 0.8420353819073597,
      "EM-SEM": 0.8456530417503376
    }
  },
  "药物_阿托伐他汀钙片->疾病_冠状动脉粥样硬化性心脏病": {
    "edge": [
      "药物_阿托伐他汀钙片",
      "疾病_冠状动脉粥样硬化性心脏病"
    ],
    "method_scores": {
      "MLE": 0.17480428393127972,
      "Bayesian": 0.14429534862168594,
      "EM": 0.17480428393127972,
      "SEM": 0.5548832104086014
    },
    "mean_score": 0.2621967817232117,
    "std_score": 0.16944098589525716,
    "coefficient_of_variation": 0.6462359483654063,
    "stability_score": 0.607446339021407,
    "max_pairwise_diff": 0.41058786178691553,
    "avg_pairwise_diff": 0.20529393089345774,
    "num_methods": 4,
    "consistency_level": "中等一致",
    "method_correlations": {
      "MLE-Bayesian": 0.9985495486315416,
      "MLE-EM": 1.0,
      "MLE-SEM": 0.8456530417503376,
      "Bayesian-EM": 0.9985495486315416,
      "Bayesian-SEM": 0.8420353819073597,
      "EM-SEM": 0.8456530417503376
    }
  },
  "药物_氯化钠注射液->疾病_高血压": {
    "edge": [
      "药物_氯化钠注射液",
      "疾病_高血压"
    ],
    "method_scores": {
      "MLE": 0.0,
      "Bayesian": 0.0,
      "EM": 0.0,
      "SEM": 0.0
    },
    "mean_score": 0.0,
    "std_score": 0.0,
    "coefficient_of_variation": Infinity,
    "stability_score": 1.0,
    "max_pairwise_diff": 0.0,
    "avg_pairwise_diff": 0.0,
    "num_methods": 4,
    "consistency_level": "高度一致",
    "method_correlations": {
      "MLE-Bayesian": 0.9985495486315416,
      "MLE-EM": 1.0,
      "MLE-SEM": 0.8456530417503376,
      "Bayesian-EM": 0.9985495486315416,
      "Bayesian-SEM": 0.8420353819073597,
      "EM-SEM": 0.8456530417503376
    }
  },
  "疾病_反流性食管炎->药物_氯化钠注射液": {
    "edge": [
      "疾病_反流性食管炎",
      "药物_氯化钠注射液"
    ],
    "method_scores": {
      "MLE": 0.07299448360083396,
      "Bayesian": 0.059943227596263804,
      "EM": 0.07299448360083396,
      "SEM": 0.0716195729034463
    },
    "mean_score": 0.0693879419253445,
    "std_score": 0.005481721702495725,
    "coefficient_of_variation": 0.07900107065278848,
    "stability_score": 0.9267831397006926,
    "max_pairwise_diff": 0.013051256004570161,
    "avg_pairwise_diff": 0.006754779785183025,
    "num_methods": 4,
    "consistency_level": "高度一致",
    "method_correlations": {
      "MLE-Bayesian": 0.9985495486315416,
      "MLE-EM": 1.0,
      "MLE-SEM": 0.8456530417503376,
      "Bayesian-EM": 0.9985495486315416,
      "Bayesian-SEM": 0.8420353819073597,
      "EM-SEM": 0.8456530417503376
    }
  },
  "疾病_反流性食管炎->疾病_高脂血症": {
    "edge": [
      "疾病_反流性食管炎",
      "疾病_高脂血症"
    ],
    "method_scores": {
      "MLE": 0.5578082837399718,
      "Bayesian": 0.5530076253722478,
      "EM": 0.5578082837399718,
      "SEM": 0.5030909590483074
    },
    "mean_score": 0.5429287879751247,
    "std_score": 0.023083730013324415,
    "coefficient_of_variation": 0.04251704924215962,
    "stability_score": 0.9592169266938448,
    "max_pairwise_diff": 0.05471732469166446,
    "avg_pairwise_diff": 0.028158772073786236,
    "num_methods": 4,
    "consistency_level": "高度一致",
    "method_correlations": {
      "MLE-Bayesian": 0.9985495486315416,
      "MLE-EM": 1.0,
      "MLE-SEM": 0.8456530417503376,
      "Bayesian-EM": 0.9985495486315416,
      "Bayesian-SEM": 0.8420353819073597,
      "EM-SEM": 0.8456530417503376
    }
  },
  "药物_阿司匹林肠溶片->检验_尿酸": {
    "edge": [
      "药物_阿司匹林肠溶片",
      "检验_尿酸"
    ],
    "method_scores": {
      "MLE": 0.17494457808863692,
      "Bayesian": 0.17436751122484445,
      "EM": 0.17494457808863692,
      "SEM": 0.5268517239738161
    },
    "mean_score": 0.2627770978439836,
    "std_score": 0.15246373849617867,
    "coefficient_of_variation": 0.5802017746108896,
    "stability_score": 0.6328305764915629,
    "max_pairwise_diff": 0.3524842127489716,
    "avg_pairwise_diff": 0.1762421063744858,
    "num_methods": 4,
    "consistency_level": "中等一致",
    "method_correlations": {
      "MLE-Bayesian": 0.9985495486315416,
      "MLE-EM": 1.0,
      "MLE-SEM": 0.8456530417503376,