边,源节点,目标节点,平均分数,标准差,变异系数,稳定性分数,最大成对差异,平均成对差异,方法数量,一致性水平,MLE_分数,Bayesian_分数,EM_分数,SEM_分数
疾病_高血压->疾病_脂肪肝,疾病_高血压,疾病_脂肪肝,0.0006972568699923077,0.0006972568699923077,1.0,0.5,0.0013945137399846155,0.0009296758266564103,4,低度一致,0.0013945137399846155,0.0,0.0013945137399846155,0.0
疾病_高血压->疾病_糖尿病,疾病_高血压,疾病_糖尿病,0.11001061159914255,0.13023459000366208,1.1838366145823442,0.4579097141803571,0.30290387745995867,0.15145193872997934,4,低度一致,0.03590120895084662,0.03266807551745915,0.03590120895084662,0.3355719529774178
疾病_高血压->疾病_动脉硬化,疾病_高血压,疾病_动脉硬化,0.11620265011754162,0.14379041267225753,1.2374107864735466,0.4469451948857954,0.34797892525038643,0.17398946262519321,4,低度一致,0.041774723744732054,0.016641113865157958,0.041774723744732054,0.3646200391155444
