边,源节点,目标节点,平均分数,标准差,变异系数,稳定性分数,最大成对差异,平均成对差异,方法数量,一致性水平,MLE_分数,Bayesian_分数,EM_分数,SEM_分数
药物_阿司匹林肠溶片->检验_钾,药物_阿司匹林肠溶片,检验_钾,0.2656262023629319,0.09919772585004621,0.37344857159275957,0.7280942444319709,0.2351685192255183,0.1210434942968781,4,中等一致,0.20164522053037387,0.22240062863508764,0.20164522053037387,0.43681373975589216
药物_艾司唑仑片->检验_尿酸,药物_艾司唑仑片,检验_尿酸,0.3356973799382347,0.14710380090331132,0.4382036015007836,0.6953118452467283,0.3417828481633781,0.1708914240816891,4,中等一致,0.25180704183027847,0.2486962939645019,0.25180704183027847,0.59047914212788
疾病_高脂血症->检验_钾,疾病_高脂血症,检验_钾,0.21531859742248127,0.10046893164237733,0.46660591720855893,0.6818464239550691,0.2357204403694388,0.11984478760101154,4,中等一致,0.15341163620568332,0.16531904070343628,0.15341163620568332,0.3891320765751221
药物_阿司匹林肠溶片->检验_尿酸,药物_阿司匹林肠溶片,检验_尿酸,0.26277709784398395,0.15246373849617922,0.580201774610891,0.6328305764915624,0.35248421274897296,0.17624210637448648,4,中等一致,0.17494457808863692,0.17436751122484445,0.17494457808863692,0.5268517239738174
药物_阿托伐他汀钙片->疾病_冠状动脉粥样硬化性心脏病,药物_阿托伐他汀钙片,疾病_冠状动脉粥样硬化性心脏病,0.2621967817232085,0.1694409858952596,0.6462359483654236,0.6074463390214005,0.41058786178691686,0.2052939308934584,4,中等一致,0.17480428393127254,0.14429534862168594,0.17480428393127254,0.5548832104086028
