边,源节点,目标节点,平均分数,标准差,变异系数,稳定性分数,最大成对差异,平均成对差异,方法数量,一致性水平,MLE_分数,Bayesian_分数,EM_分数,SEM_分数
药物_阿司匹林肠溶片->检验_钾,药物_阿司匹林肠溶片,检验_钾,0.2656262023629336,0.0991977258500453,0.37344857159275374,0.728094244431974,0.23516851922551682,0.12104349429687779,4,中等一致,0.20164522053037534,0.22240062863509164,0.20164522053037534,0.43681373975589216
药物_艾司唑仑片->检验_尿酸,药物_艾司唑仑片,检验_尿酸,0.3356973799382399,0.14710380090330782,0.4382036015007663,0.6953118452467366,0.34178284816337356,0.17089142408168678,4,中等一致,0.2518070418302875,0.24869629396450554,0.2518070418302875,0.5904791421278791
疾病_高脂血症->检验_钾,疾病_高脂血症,检验_钾,0.215318597422483,0.1004689316423764,0.4666059172085509,0.6818464239550729,0.2357204403694377,0.11984478760101164,4,中等一致,0.1534116362056844,0.1653190407034411,0.1534116362056844,0.3891320765751221
药物_阿司匹林肠溶片->检验_尿酸,药物_阿司匹林肠溶片,检验_尿酸,0.26277709784398007,0.15246373849618094,0.5802017746109062,0.6328305764915562,0.35248421274897457,0.1762421063744873,4,中等一致,0.17494457808863095,0.17436751122484195,0.17494457808863095,0.5268517239738165
药物_阿托伐他汀钙片->疾病_冠状动脉粥样硬化性心脏病,药物_阿托伐他汀钙片,疾病_冠状动脉粥样硬化性心脏病,0.26219678172321037,0.16944098589525838,0.6462359483654143,0.607446339021404,0.4105878617869117,0.20529393089345585,4,中等一致,0.17480428393127379,0.14429534862169108,0.17480428393127379,0.5548832104086028
