{
  "疾病_高血压->疾病_冠状动脉粥样硬化性心脏病": {
    "edge": [
      "疾病_高血压",
      "疾病_冠状动脉粥样硬化性心脏病"
    ],
    "method_scores": {
      "MLE": 0.10849803421504982,
      "Bayesian": 0.06918557229461143,
      "EM": 0.10849803421504982,
      "SEM": 0.47016654573510647
    },
    "mean_score": 0.1890870466149544,
    "std_score": 0.1630730098828523,
    "coefficient_of_variation": 0.8624229570570451,
    "stability_score": 0.5369349621743148,
    "max_pairwise_diff": 0.40098097344049505,
    "avg_pairwise_diff": 0.2004904867202475,
    "num_methods": 4,
    "consistency_level": "低度一致",
    "method_correlations": {
      "MLE-Bayesian": 0.998549548631542,
      "MLE-EM": 1.0,
      "MLE-SEM": 0.8456530417503355,
      "Bayesian-EM": 0.998549548631542,
      "Bayesian-SEM": 0.8420353819073565,
      "EM-SEM": 0.8456530417503355
    }
  },
  "疾病_反流性食管炎->药物_艾司唑仑片": {
    "edge": [
      "疾病_反流性食管炎",
      "药物_艾司唑仑片"
    ],
    "method_scores": {
      "MLE": 0.463608786111701,
      "Bayesian": 0.4501594278362851,
      "EM": 0.463608786111701,
      "SEM": 0.49017551844308377
    },
    "mean_score": 0.4668881296256927,
    "std_score": 0.01452291404347625,
    "coefficient_of_variation": 0.031105768431335716,
    "stability_score": 0.9698326113734597,
    "max_pairwise_diff": 0.04001609060679867,
    "avg_pairwise_diff": 0.020008045303399336,
    "num_methods": 4,
    "consistency_level": "高度一致",
    "method_correlations": {
      "MLE-Bayesian": 0.998549548631542,
      "MLE-EM": 1.0,
      "MLE-SEM": 0.8456530417503355,
      "Bayesian-EM": 0.998549548631542,
      "Bayesian-SEM": 0.8420353819073565,
      "EM-SEM": 0.8456530417503355
    }
  },
  "药物_阿司匹林肠溶片->疾病_糖尿病": {
    "edge": [
      "药物_阿司匹林肠溶片",
      "疾病_糖尿病"
    ],
    "method_scores": {
      "MLE": 0.7732875245097589,
      "Bayesian": 0.7536232537582546,
      "EM": 0.7732875245097589,
      "SEM": 0.7112572853676075
    },
    "mean_score": 0.752863897036345,
    "std_score": 0.025327533809718875,
    "coefficient_of_variation": 0.03364158370380214,
    "stability_score": 0.9674533375647912,
    "max_pairwise_diff": 0.062030239142151444,
    "avg_pairwise_diff": 0.03429249802965978,
    "num_methods": 4,
    "consistency_level": "高度一致",
    "method_correlations": {
      "MLE-Bayesian": 0.998549548631542,
      "MLE-EM": 1.0,
      "MLE-SEM": 0.8456530417503355,
      "Bayesian-EM": 0.998549548631542,
      "Bayesian-SEM": 0.8420353819073565,
      "EM-SEM": 0.8456530417503355
    }
  },
  "药物_阿司匹林肠溶片->检验_钾": {
    "edge": [
      "药物_阿司匹林肠溶片",
      "检验_钾"
    ],
    "method_scores": {
      "MLE": 0.20164522053037534,
      "Bayesian": 0.22240062863508764,
      "EM": 0.20164522053037534,
      "SEM": 0.43681373975589394
    },
    "mean_score": 0.26562620236293305,
    "std_score": 0.0991977258500465,
    "coefficient_of_variation": 0.37344857159275907,
    "stability_score": 0.7280942444319711,
    "max_pairwise_diff": 0.2351685192255186,
    "avg_pairwise_diff": 0.12104349429687801,
    "num_methods": 4,
    "consistency_level": "中等一致",
    "method_correlations": {
      "MLE-Bayesian": 0.998549548631542,
      "MLE-EM": 1.0,
      "MLE-SEM": 0.8456530417503355,
      "Bayesian-EM": 0.998549548631542,
      "Bayesian-SEM": 0.8420353819073565,
      "EM-SEM": 0.8456530417503355
    }
  },
  "疾病_糖尿病->检验_葡萄糖": {
    "edge": [
      "疾病_糖尿病",
      "检验_葡萄糖"
    ],
    "method_scores": {
      "MLE": 0.9825913376102183,
      "Bayesian": 0.9755961838626996,
      "EM": 0.9825913376102183,
      "SEM": 1.0
    },
    "mean_score": 0.985194714770784,
    "std_score": 0.009012261253317647,
    "coefficient_of_variation": 0.009147695494300783,
    "stability_score": 0.9909352262952748,
    "max_pairwise_diff": 0.02440381613730036,
    "avg_pairwise_diff": 0.01220190806865018,
    "num_methods": 4,
    "consistency_level": "高度一致",
    "method_correlations": {
      "MLE-Bayesian": 0.998549548631542,
      "MLE-EM": 1.0,
      "MLE-SEM": 0.8456530417503355,
      "Bayesian-EM": 0.998549548631542,
      "Bayesian-SEM": 0.8420353819073565,
      "EM-SEM": 0.8456530417503355
    }
  },
  "药物_阿托伐他汀钙片->疾病_冠状动脉粥样硬化性心脏病": {
    "edge": [
      "药物_阿托伐他汀钙片",
      "疾病_冠状动脉粥样硬化性心脏病"
    ],
    "method_scores": {
      "MLE": 0.17480428393126657,
      "Bayesian": 0.14429534862168594,
      "EM": 0.17480428393126657,
      "SEM": 0.5548832104086028
    },
    "mean_score": 0.2621967817232055,
    "std_score": 0.16944098589526116,
    "coefficient_of_variation": 0.646235948365437,
    "stability_score": 0.6074463390213957,
    "max_pairwise_diff": 0.41058786178691686,
    "avg_pairwise_diff": 0.2052939308934584,
    "num_methods": 4,
    "consistency_level": "中等一致",
    "method_correlations": {
      "MLE-Bayesian": 0.998549548631542,
      "MLE-EM": 1.0,
      "MLE-SEM": 0.8456530417503355,
      "Bayesian-EM": 0.998549548631542,
      "Bayesian-SEM": 0.8420353819073565,
      "EM-SEM": 0.8456530417503355
    }
  },
  "药物_氯化钠注射液->疾病_高血压": {
    "edge": [
      "药物_氯化钠注射液",
      "疾病_高血压"
    ],
    "method_scores": {
      "MLE": 0.0,
      "Bayesian": 0.0,
      "EM": 0.0,
      "SEM": 0.0
    },
    "mean_score": 0.0,
    "std_score": 0.0,
    "coefficient_of_variation": Infinity,
    "stability_score": 1.0,
    "max_pairwise_diff": 0.0,
    "avg_pairwise_diff": 0.0,
    "num_methods": 4,
    "consistency_level": "高度一致",
    "method_correlations": {
      "MLE-Bayesian": 0.998549548631542,
      "MLE-EM": 1.0,
      "MLE-SEM": 0.8456530417503355,
      "Bayesian-EM": 0.998549548631542,
      "Bayesian-SEM": 0.8420353819073565,
      "EM-SEM": 0.8456530417503355
    }
  },
  "疾病_反流性食管炎->药物_氯化钠注射液": {
    "edge": [
      "疾病_反流性食管炎",
      "药物_氯化钠注射液"
    ],
    "method_scores": {
      "MLE": 0.07299448360082729,
      "Bayesian": 0.05994322759627821,
      "EM": 0.07299448360082729,
      "SEM": 0.071619572903448
    },
    "mean_score": 0.0693879419253452,
    "std_score": 0.005481721702487498,
    "coefficient_of_variation": 0.07900107065266912,
    "stability_score": 0.926783139700795,
    "max_pairwise_diff": 0.01305125600454908,
    "avg_pairwise_diff": 0.006754779785171088,
    "num_methods": 4,
    "consistency_level": "高度一致",
    "method_correlations": {
      "MLE-Bayesian": 0.998549548631542,
      "MLE-EM": 1.0,
      "MLE-SEM": 0.8456530417503355,
      "Bayesian-EM": 0.998549548631542,
      "Bayesian-SEM": 0.8420353819073565,
      "EM-SEM": 0.8456530417503355
    }
  },
  "疾病_反流性食管炎->疾病_高脂血症": {
    "edge": [
      "疾病_反流性食管炎",
      "疾病_高脂血症"
    ],
    "method_scores": {
      "MLE": 0.5578082837399686,
      "Bayesian": 0.5530076253722478,
      "EM": 0.5578082837399686,
      "SEM": 0.5030909590483078
    },
    "mean_score": 0.5429287879751231,
    "std_score": 0.023083730013323187,
    "coefficient_of_variation": 0.042517049242157476,
    "stability_score": 0.9592169266938468,
    "max_pairwise_diff": 0.054717324691660796,
    "avg_pairwise_diff": 0.028158772073783866,
    "num_methods": 4,
    "consistency_level": "高度一致",
    "method_correlations": {
      "MLE-Bayesian": 0.998549548631542,
      "MLE-EM": 1.0,
      "MLE-SEM": 0.8456530417503355,
      "Bayesian-EM": 0.998549548631542,
      "Bayesian-SEM": 0.8420353819073565,
      "EM-SEM": 0.8456530417503355
    }
  },
  "药物_阿司匹林肠溶片->检验_尿酸": {
    "edge": [
      "药物_阿司匹林肠溶片",
      "检验_尿酸"
    ],
    "method_scores": {
      "MLE": 0.17494457808862376,
      "Bayesian": 0.17436751122483726,
      "EM": 0.17494457808862376,
      "SEM": 0.5268517239738183
    },
    "mean_score": 0.26277709784397574,
    "std_score": 0.15246373849618447,
    "coefficient_of_variation": 0.580201774610929,
    "stability_score": 0.6328305764915472,
    "max_pairwise_diff": 0.352484212748981,
    "avg_pairwise_diff": 0.17624210637449053,
    "num_methods": 4,
    "consistency_level": "中等一致",
    "method_correlations": {
      "MLE-Bayesian": 0.998549548631542,
      "MLE-EM": 1.0,
      "MLE-SEM": 0.8456530417503355,