边,源节点,目标节点,平均分数,标准差,变异系数,稳定性分数,最大成对差异,平均成对差异,方法数量,一致性水平,MLE_分数,Bayesian_分数,EM_分数,SEM_分数
药物_阿司匹林肠溶片->检验_钾,药物_阿司匹林肠溶片,检验_钾,0.2656262023629291,0.09919772585004824,0.3734485715927711,0.7280942444319648,0.23516851922552442,0.12104349429688215,4,中等一致,0.20164522053036812,0.22240062863508764,0.20164522053036812,0.43681373975589255
药物_艾司唑仑片->检验_尿酸,药物_艾司唑仑片,检验_尿酸,0.33569737993823556,0.14710380090331066,0.4382036015007804,0.6953118452467297,0.3417828481633778,0.1708914240816889,4,中等一致,0.2518070418302803,0.2486962939645019,0.2518070418302803,0.5904791421278797
疾病_高脂血症->检验_钾,疾病_高脂血症,检验_钾,0.2153185974224765,0.10046893164238026,0.4666059172085829,0.681846423955058,0.23572044036944523,0.11984478760101458,4,中等一致,0.15341163620567722,0.1653190407034291,0.15341163620567722,0.38913207657512244
药物_阿司匹林肠溶片->检验_尿酸,药物_阿司匹林肠溶片,检验_尿酸,0.26277709784398084,0.15246373849618075,0.5802017746109036,0.6328305764915573,0.3524842127489725,0.17624210637448626,4,中等一致,0.17494457808863095,0.17436751122484445,0.17494457808863095,0.526851723973817
药物_阿托伐他汀钙片->疾病_冠状动脉粥样硬化性心脏病,药物_阿托伐他汀钙片,疾病_冠状动脉粥样硬化性心脏病,0.26219678172321437,0.16944098589525533,0.6462359483653928,0.607446339021412,0.41058786178689477,0.20529393089344738,4,中等一致,0.17480428393127379,0.14429534862170756,0.17480428393127379,0.5548832104086023
