{
  "疾病_高血压": {
    "type": "conditional",
    "parents": [
      "药物_氯化钠注射液"
    ],
    "probabilities": {
      "0": [
        0.6451612903225806,
        0.3548387096774194
      ],
      "1": [
        0.3333333333333333,
        0.6666666666666666
      ]
    },
    "prior_alpha": 1.0,
    "sample_counts": {
      "0": [
        "19",
        "10"
      ],
      "1": [
        0,
        "1"
      ]
    }
  },
  "疾病_高脂血症": {
    "type": "conditional",
    "parents": [
      "疾病_反流性食管炎"
    ],
    "probabilities": {
      "0": [
        0.76,
        0.24
      ],
      "1": [
        0.2222222222222222,
        0.7777777777777778
      ]
    },
    "prior_alpha": 1.0,
    "sample_counts": {
      "0": [
        "18",
        "5"
      ],
      "1": [
        "1",
        "6"
      ]
    }
  },
  "疾病_糖尿病": {
    "type": "conditional",
    "parents": [
      "药物_阿司匹林肠溶片"
    ],
    "probabilities": {
      "0": [
        0.75,
        0.25
      ],
      "1": [
        0.16666666666666666,
        0.8333333333333334
      ]
    },
    "prior_alpha": 1.0,
    "sample_counts": {
      "0": [
        "20",
        "6"
      ],
      "1": [
        0,
        "4"
      ]
    }
  },
  "疾病_冠状动脉粥样硬化性心脏病": {
    "type": "conditional",
    "parents": [
      "疾病_高血压",
      "药物_阿托伐他汀钙片"
    ],
    "probabilities": {
      "0,0": [
        0.9411764705882353,
        0.058823529411764705
      ],
      "0,1": [
        0.6666666666666666,
        0.3333333333333333
      ],
      "1,0": [
        0.8333333333333334,
        0.16666666666666666
      ],
      "1,1": [
        0.3333333333333333,
        0.6666666666666666
      ]
    },
    "prior_alpha": 1.0,
    "sample_counts": {
      "0,0": [
        "15",
        0
      ],
      "0,1": [
        "3",
        "1"
      ],
      "1,0": [
        "9",
        "1"
      ],
      "1,1": [
        0,
        "1"
      ]
    }
  },
  "疾病_反流性食管炎": {
    "type": "conditional",
    "parents": [
      "药物_艾司唑仑片"
    ],
    "probabilities": {
      "0": [
        0.8518518518518519,
        0.14814814814814814
      ],
      "1": [
        0.2857142857142857,
        0.7142857142857143
      ]
    },
    "prior_alpha": 1.0,
    "sample_counts": {
      "0": [
        "22",
        "3"
      ],
      "1": [
        "1",
        "4"
      ]
    }
  },
  "药物_氯化钠注射液": {
    "type": "conditional",
    "parents": [
      "疾病_反流性食管炎"
    ],
    "probabilities": {
      "0": [
        0.96,
        0.04
      ],
      "1": [
        0.7777777777777778,
        0.2222222222222222
      ]
    },
    "prior_alpha": 1.0,
    "sample_counts": {
      "0": [
        "23",
        0
      ],
      "1": [
        "6",
        "1"
      ]
    }
  },
  "药物_艾司唑仑片": {
    "type": "conditional",
    "parents": [
      "疾病_反流性食管炎"
    ],
    "probabilities": {
      "0": [
        0.92,
        0.08
      ],
      "1": [
        0.4444444444444444,
        0.5555555555555556
      ]
    },
    "prior_alpha": 1.0,
    "sample_counts": {
      "0": [
        "22",
        "1"
      ],
      "1": [
        "3",
        "4"
      ]
    }
  },
  "药物_阿司匹林肠溶片": {
    "type": "conditional",
    "parents": [
      "疾病_糖尿病"
    ],
    "probabilities": {
      "0": [
        0.9545454545454546,
        0.045454545454545456
      ],
      "1": [
        0.5833333333333334,
        0.4166666666666667
      ]
    },
    "prior_alpha": 1.0,
    "sample_counts": {
      "0": [
        "20",
        0
      ],
      "1": [
        "6",
        "4"
      ]
    }
  },
  "药物_阿托伐他汀钙片": {
    "type": "conditional",
    "parents": [
      "药物_阿司匹林肠溶片",
      "疾病_高脂血症"
    ],
    "probabilities": {
      "0,0": [
        0.9444444444444444,
        0.05555555555555555
      ],
      "0,1": [
        0.5833333333333334,
        0.4166666666666667
      ],
      "1,0": [
        0.6,
        0.4
      ],
      "1,1": [
        0.6666666666666666,
        0.3333333333333333
      ]
    },
    "prior_alpha": 1.0,
    "sample_counts": {
      "0,0": [
        "16",
        0
      ],
      "0,1": [
        "6",
        "4"
      ],
      "1,0": [
        "2",
        "1"
      ],
      "1,1": [
        "1",
        0
      ]
    }
  },
  "检验_碳酸氢盐": {
    "type": "conditional",
    "parents": [
      "疾病_反流性食管炎"
    ],
    "probabilities": {
      "0": [
        0.64,
        0.36
      ],
      "1": [
        0.8888888888888888,
        0.1111111111111111
      ]
    },
    "prior_alpha": 1.0,
    "sample_counts": {
      "0": [
        "15",
        "8"
      ],
      "1": [
        "7",
        0
      ]
    }
  },
  "检验_葡萄糖": {
    "type": "conditional",
    "parents": [
      "疾病_糖尿病",
      "检验_氯"
    ],
    "probabilities": {
      "0,0": [
        0.7894736842105263,
        0.21052631578947367
      ],
      "0,1": [
        0.6,
        0.4
      ],
      "1,0": [
        0.3,
        0.7
      ],
      "1,1": [
        0.75,
        0.25
      ]
    },
    "prior_alpha": 1.0,
    "sample_counts": {
      "0,0": [
        "14",
        "3"
      ],
      "0,1": [
        "2",
        "1"
      ],
      "1,0": [
        "2",
        "6"
      ],
      "1,1": [
        "2",
        0
      ]
    }
  },
  "检验_钾": {
    "type": "conditional",
    "parents": [
      "药物_阿司匹林肠溶片",
      "疾病_高脂血症"
    ],
    "probabilities": {
      "0,0": [
        0.9444444444444444,
        0.05555555555555555
      ],
      "0,1": [
        0.9166666666666666,
        0.08333333333333333
      ],
      "1,0": [
        0.8,
        0.2
      ],
      "1,1": [
        0.3333333333333333,
        0.6666666666666666
      ]
    },
    "prior_alpha": 1.0,
    "sample_counts": {
      "0,0": [
        "16",
        0
      ],
      "0,1": [
        "10",
        0
      ],
      "1,0": [
        "3",
        0
      ],
      "1,1": [
        0,
        "1"
      ]
    }
  },
  "检验_尿酸": {
    "type": "conditional",
    "parents": [
      "药物_阿司匹林肠溶片",
      "药物_艾司唑仑片"
    ],
    "probabilities": {
      "0,0": [
        0.7391304347826086,
        0.2608695652173913
      ],
      "0,1": [
        0.2857142857142857,
        0.7142857142857143
      ],
      "1,0": [
        0.16666666666666666,
        0.8333333333333334
      ],
      "1,1": [
        0.5,
        0.5
      ]
    },
    "prior_alpha": 1.0,
    "sample_counts": {
      "0,0": [
        "16",
        "5"
      ],
      "0,1": [
        "1",
        "4"
      ],
      "1,0": [
        0,
        "4"
      ],
      "1,1": [
        0,
        0
      ]
    }
  },
  "检验_氯": {
    "type": "marginal",
    "parents": [],
    "probabilities": [
      0.8125,
      0.1875
    ],
    "prior_alpha": 1.0,
    "sample_counts": [
      "25",
      "5"
    ]
  }
}