{
  "疾病_高血压": {
    "type": "structural_equation",
    "parents": [
      "药物_氯化钠注射液"
    ],
    "coefficients": [
      0.24405148745018088
    ],
    "intercept": 2.2479935110902987e-17,
    "coefficient_std_errors": [
      0.18326784374957816
    ],
    "intercept_std_error": 0.1832678437495782,
    "t_statistics": {
      "intercept": 1.2266164456881011e-16,
      "coefficients": [
        1.3316656236958788
      ]
    },
    "r_squared": 0.059561128526645524,
    "adjusted_r_squared": 0.02597402597402565,
    "residual_variance": 0.9404388714733546,
    "mse": 0.9404388714733546,
    "rmse": 0.9697622757528541,
    "mae": 0.9063844698934773,
    "sample_size": 30,
    "degrees_of_freedom": 28
  },
  "疾病_高脂血症": {
    "type": "structural_equation",
    "parents": [
      "疾病_反流性食管炎"
    ],
    "coefficients": [
      0.5615017881325223
    ],
    "intercept": 6.883029883625539e-17,
    "coefficient_std_errors": [
      0.15637817507613438
    ],
    "intercept_std_error": 0.15637817507613444,
    "t_statistics": {
      "intercept": 4.4015284615480775e-16,
      "coefficients": [
        3.5906659472087403
      ]
    },
    "r_squared": 0.3152842580760197,
    "adjusted_r_squared": 0.2908301244358775,
    "residual_variance": 0.6847157419239803,
    "mse": 0.6847157419239803,
    "rmse": 0.8274755234591415,
    "mae": 0.6599213767070131,
    "sample_size": 30,
    "degrees_of_freedom": 28
  },
  "疾病_糖尿病": {
    "type": "structural_equation",
    "parents": [
      "药物_阿司匹林肠溶片"
    ],
    "coefficients": [
      0.5547001962252291
    ],
    "intercept": 6.785645901221034e-17,
    "coefficient_std_errors": [
      0.15724272550828777
    ],
    "intercept_std_error": 0.15724272550828772,
    "t_statistics": {
      "intercept": 4.31539575473931e-16,
      "coefficients": [
        3.527668414752787
      ]
    },
    "r_squared": 0.30769230769230793,
    "adjusted_r_squared": 0.2829670329670332,
    "residual_variance": 0.6923076923076922,
    "mse": 0.6923076923076922,
    "rmse": 0.8320502943378436,
    "mae": 0.6527139518645053,
    "sample_size": 30,
    "degrees_of_freedom": 28
  },
  "疾病_冠状动脉粥样硬化性心脏病": {
    "type": "structural_equation",
    "parents": [
      "疾病_高血压",
      "药物_阿托伐他汀钙片"
    ],
    "coefficients": [
      0.2834672998980579,
      0.4910580656470124
    ],
    "intercept": -4.8605079959341574e-17,
    "coefficient_std_errors": [
      0.16546837372941622,
      0.16546837372941622
    ],
    "intercept_std_error": 0.163477105368507,
    "t_statistics": {
      "intercept": -2.97320409789352e-16,
      "coefficients": [
        1.7131207221604812,
        2.9676853321228616
      ]
    },
    "r_squared": 0.2784313725490195,
    "adjusted_r_squared": 0.22498184458968762,
    "residual_variance": 0.7215686274509803,
    "mse": 0.7215686274509803,
    "rmse": 0.8494519571176349,
    "mae": 0.5349019607843136,
    "sample_size": 30,
    "degrees_of_freedom": 27
  },
  "疾病_反流性食管炎": {
    "type": "structural_equation",
    "parents": [
      "药物_艾司唑仑片"
    ],
    "coefficients": [
      0.5991712703227051
    ],
    "intercept": -1.2061049926773983e-16,
    "coefficient_std_errors": [
      0.15130312394328005
    ],
    "intercept_std_error": 0.15130312394328005,
    "t_statistics": {
      "intercept": -7.971448052384816e-16,
      "coefficients": [
        3.960072037556344
      ]
    },
    "r_squared": 0.35900621118012455,
    "adjusted_r_squared": 0.336113575865129,
    "residual_variance": 0.6409937888198757,
    "mse": 0.6409937888198757,
    "rmse": 0.8006208770822028,
    "mae": 0.5422199594925013,
    "sample_size": 30,
    "degrees_of_freedom": 28
  },
  "药物_氯化钠注射液": {
    "type": "structural_equation",
    "parents": [
      "疾病_反流性食管炎"
    ],
    "coefficients": [
      0.336601385337074
    ],
    "intercept": 9.312403395223893e-19,
    "coefficient_std_errors": [
      0.1779545996865856
    ],
    "intercept_std_error": 0.17795459968658567,
    "t_statistics": {
      "intercept": 5.233022024507899e-18,
      "coefficients": [
        1.8915014612148142
      ]
    },
    "r_squared": 0.11330049261083763,
    "adjusted_r_squared": 0.08163265306122469,
    "residual_variance": 0.8866995073891627,
    "mse": 0.8866995073891627,
    "rmse": 0.9416472308615168,
    "mae": 0.31833486544637457,
    "sample_size": 30,
    "degrees_of_freedom": 28
  },
  "药物_艾司唑仑片": {
    "type": "structural_equation",
    "parents": [
      "疾病_反流性食管炎"
    ],
    "coefficients": [
      0.5991712703227049
    ],
    "intercept": 9.836003503679053e-17,
    "coefficient_std_errors": [
      0.15130312394328002
    ],
    "intercept_std_error": 0.15130312394328005,
    "t_statistics": {
      "intercept": 6.500859498027508e-16,
      "coefficients": [
        3.9600720375563436
      ]
    },
    "r_squared": 0.3590062111801242,
    "adjusted_r_squared": 0.3361135758651287,
    "residual_variance": 0.6409937888198758,
    "mse": 0.6409937888198758,
    "rmse": 0.8006208770822029,
    "mae": 0.47776856165212916,
    "sample_size": 30,
    "degrees_of_freedom": 28
  },
  "药物_阿司匹林肠溶片": {
    "type": "structural_equation",
    "parents": [
      "疾病_糖尿病"
    ],
    "coefficients": [
      0.5547001962252291
    ],
    "intercept": -2.9953831727971216e-17,
    "coefficient_std_errors": [
      0.15724272550828772
    ],
    "intercept_std_error": 0.15724272550828772,
    "t_statistics": {
      "intercept": -1.9049422878638958e-16,
      "coefficients": [
        3.5276684147527884
      ]
    },
    "r_squared": 0.3076923076923078,
    "adjusted_r_squared": 0.28296703296703307,
    "residual_variance": 0.6923076923076921,
    "mse": 0.6923076923076921,
    "rmse": 0.8320502943378435,
    "mae": 0.47067872433164165,
    "sample_size": 30,
    "degrees_of_freedom": 28
  },
  "药物_阿托伐他汀钙片": {
    "type": "structural_equation",
    "parents": [
      "药物_阿司匹林肠溶片",
      "疾病_高脂血症"
    ],
    "coefficients": [
      0.1270390445792911,
      0.41421090488092044
    ],
    "intercept": -7.541969838511353e-18,
    "coefficient_std_errors": [
      0.17530569845922694,
      0.17530569845922692
    ],
    "intercept_std_error": 0.1745135166751311,
    "t_statistics": {
      "intercept": -4.321710995344417e-17,
      "coefficients": [
        0.7246715063791163,
        2.3627920171531605
      ]
    },
    "r_squared": 0.17771587743732598,
    "adjusted_r_squared": 0.1168059424326835,
    "residual_variance": 0.8222841225626741,
    "mse": 0.8222841225626741,
    "rmse": 0.9067988324665367,
    "mae": 0.612894398289636,
    "sample_size": 30,
    "degrees_of_freedom": 27
  },
  "检验_碳酸氢盐": {
    "type": "structural_equation",
    "parents": [
      "疾病_反流性食管炎"
    ],
    "coefficients": [
      -0.3326739195652301
    ],
    "intercept": 4.200520705823039e-17,
    "coefficient_std_errors": [
      0.17821817119565903
    ],
    "intercept_std_error": 0.17821817119565908,
    "t_statistics": {
      "intercept": 2.356954219450184e-16,
      "coefficients": [
        -1.8666666666666663
      ]
    },
    "r_squared": 0.11067193675889331,
    "adjusted_r_squared": 0.07891022021456806,
    "residual_variance": 0.889328063241107,
    "mse": 0.889328063241107,
    "rmse": 0.9430419201928973,
    "mae": 0.7865513336811224,
    "sample_size": 30,
    "degrees_of_freedom": 28
  },
  "检验_葡萄糖": {
    "type": "structural_equation",
    "parents": [
      "疾病_糖尿病",
      "检验_氯"
    ],
    "coefficients": [
      0.4096385542168676,
      -0.15239892338160865
    ],
    "intercept": 2.769494660589157e-17,
    "coefficient_std_errors": [
      0.17428670102130572,
      0.17428670102130578
    ],
    "intercept_std_error": 0.17393777834696653,
    "t_statistics": {
      "intercept": 1.5922329737158316e-16,
      "coefficients": [
        2.3503718402862606,
        -0.8744151016030681
      ]
    },
    "r_squared": 0.1831325301204818,
    "adjusted_r_squared": 0.12262382864792498,
    "residual_variance": 0.8168674698795184,
    "mse": 0.8168674698795184,