{
  "疾病_高血压": {
    "type": "conditional",
    "parents": [
      "药物_氯化钠注射液"
    ],
    "probabilities": {
      "0": [
        0.6551724137931034,
        0.3448275862068966
      ],
      "1": [
        0.0,
        1.0
      ]
    }
  },
  "疾病_高脂血症": {
    "type": "conditional",
    "parents": [
      "疾病_反流性食管炎"
    ],
    "probabilities": {
      "0": [
        0.782608695652174,
        0.21739130434782608
      ],
      "1": [
        0.14285714285714285,
        0.8571428571428571
      ]
    }
  },
  "疾病_糖尿病": {
    "type": "conditional",
    "parents": [
      "药物_阿司匹林肠溶片"
    ],
    "probabilities": {
      "0": [
        0.7692307692307693,
        0.23076923076923078
      ],
      "1": [
        0.0,
        1.0
      ]
    }
  },
  "疾病_冠状动脉粥样硬化性心脏病": {
    "type": "conditional",
    "parents": [
      "疾病_高血压",
      "药物_阿托伐他汀钙片"
    ],
    "probabilities": {
      "0,0": [
        1.0,
        0.0
      ],
      "0,1": [
        0.75,
        0.25
      ],
      "1,0": [
        0.9,
        0.1
      ],
      "1,1": [
        0.0,
        1.0
      ]
    }
  },
  "疾病_反流性食管炎": {
    "type": "conditional",
    "parents": [
      "药物_艾司唑仑片"
    ],
    "probabilities": {
      "0": [
        0.88,
        0.12
      ],
      "1": [
        0.2,
        0.8
      ]
    }
  },
  "药物_氯化钠注射液": {
    "type": "conditional",
    "parents": [
      "疾病_反流性食管炎"
    ],
    "probabilities": {
      "0": [
        1.0,
        0.0
      ],
      "1": [
        0.8571428571428571,
        0.14285714285714285
      ]
    }
  },
  "药物_艾司唑仑片": {
    "type": "conditional",
    "parents": [
      "疾病_反流性食管炎"
    ],
    "probabilities": {
      "0": [
        0.9565217391304348,
        0.043478260869565216
      ],
      "1": [
        0.42857142857142855,
        0.5714285714285714
      ]
    }
  },
  "药物_阿司匹林肠溶片": {
    "type": "conditional",
    "parents": [
      "疾病_糖尿病"
    ],
    "probabilities": {
      "0": [
        1.0,
        0.0
      ],
      "1": [
        0.6,
        0.4
      ]
    }
  },
  "药物_阿托伐他汀钙片": {
    "type": "conditional",
    "parents": [
      "药物_阿司匹林肠溶片",
      "疾病_高脂血症"
    ],
    "probabilities": {
      "0,0": [
        1.0,
        0.0
      ],
      "0,1": [
        0.6,
        0.4
      ],
      "1,0": [
        0.6666666666666666,
        0.3333333333333333
      ],
      "1,1": [
        1.0,
        0.0
      ]
    }
  },
  "检验_碳酸氢盐": {
    "type": "conditional",
    "parents": [
      "疾病_反流性食管炎"
    ],
    "probabilities": {
      "0": [
        0.6521739130434783,
        0.34782608695652173
      ],
      "1": [
        1.0,
        0.0
      ]
    }
  },
  "检验_葡萄糖": {
    "type": "conditional",
    "parents": [
      "疾病_糖尿病",
      "检验_氯"
    ],
    "probabilities": {
      "0,0": [
        0.8235294117647058,
        0.17647058823529413
      ],
      "0,1": [
        0.6666666666666666,
        0.3333333333333333
      ],
      "1,0": [
        0.25,
        0.75
      ],
      "1,1": [
        1.0,
        0.0
      ]
    }
  },
  "检验_钾": {
    "type": "conditional",
    "parents": [
      "药物_阿司匹林肠溶片",
      "疾病_高脂血症"
    ],
    "probabilities": {
      "0,0": [
        1.0,
        0.0
      ],
      "0,1": [
        1.0,
        0.0
      ],
      "1,0": [
        1.0,
        0.0
      ],
      "1,1": [
        0.0,
        1.0
      ]
    }
  },
  "检验_尿酸": {
    "type": "conditional",
    "parents": [
      "药物_阿司匹林肠溶片",
      "药物_艾司唑仑片"
    ],
    "probabilities": {
      "0,0": [
        0.7619047619047619,
        0.23809523809523808
      ],
      "0,1": [
        0.2,
        0.8
      ],
      "1,0": [
        0.0,
        1.0
      ],
      "1,1": [
        0.5,
        0.5
      ]
    }
  },
  "检验_氯": {
    "type": "marginal",
    "parents": [],
    "probabilities": [
      0.8333333333333334,
      0.16666666666666666
    ]
  }
}